Term,Coefficient,P-value,Z-statistic,95% CI lower,95% CI upper,Odds ratio,Section,Value
Intercept (reference bucket),-2.954482105188618,9.851857889911802e-134,-24.610085346441032,-3.1897790754193687,-2.719185134957867,0.05210563882940746,Coefficient,
"Bucket 2: (770.0, 810.0]",-0.07860346734385965,0.6502685245772004,-0.4533891823986581,-0.41839976384762717,0.2611928291599079,0.924406409107473,Coefficient,
"Bucket 3: (810.0, 842.0]",-0.3158756755147264,0.08668540550854191,-1.7131475095391824,-0.6772601705181116,0.04550881948865876,0.7291500957431153,Coefficient,
"Bucket 4: (842.0, 877.0]",-0.34208071366066056,0.06648033894521978,-1.8351711190935653,-0.7074231450039636,0.023261717682642513,0.7102908722190202,Coefficient,
"Bucket 5: (877.0, 999.0]",-0.37700786404871744,0.044268471524317426,-2.0115397931867576,-0.744349259892163,-0.009666468205271894,0.6859106798398086,Coefficient,
McFadden pseudo-R²,,,,,,,Model statistic,0.0027790846035486982
Log-likelihood,,,,,,,Model statistic,-1227.1896967101293
Observed bad rate,,,,,,,Model statistic,0.04050702672912648
ROC AUC (in-sample),,,,,,,Model statistic,0.5416434666916738
AIC,,,,,,,Model statistic,2464.3793934202586
Sum of squared response residuals,,,,,,,Model statistic,281.82039350659693
