account_id,customer_id,customer_name,address_line_1,postcode,date_of_birth,age_at_application,application_date,employment_status,employment_tenure_months,occupation_group,residential_status,time_at_address_months,household_size,dependants,annual_gross_income,estimated_monthly_net_income,committed_monthly_outgoings,rent_or_mortgage,disposable_income,debt_to_income_ratio,requested_loan_amount,loan_purpose,bank_account_tenure_months,income_verification_result,application_channel,application_hour,recent_application_count,prior_customer_flag,device_verification_result,contact_verification_result,credit_history_months,active_credit_accounts,revolving_utilisation,recent_credit_searches,historic_defaults,historic_arrears,electoral_roll_match,missed_payment_m01,missed_payment_m02,missed_payment_m03,missed_payment_m04,missed_payment_m05,missed_payment_m06,missed_payment_m07,missed_payment_m08,missed_payment_m09,missed_payment_m10,missed_payment_m11,missed_payment_m12,DelphiScore,invalid_payment_data,missed_payment_months,outcome,target_bad
ACC-10000062,CUS-20000062,Jack Hughes,17 Kingfisher Way,CF25 4WB,1991-01-17,32,2023-06-24,employed,29,not_working,private_tenant,43,1,1,47900.0,3036.39,75.43,475.28,2485.68,0.0189,8000.0,debt_consolidation,71,verified,branch,9,4,0,pass,pass,74,2,0.8344,4,0,0,full,1,0,0,0,0,1,0,0,0,0,0,0,751,0,2,Indeterminate,0
ACC-10000112,CUS-20000112,Daniel Morgan,121 Station Lane,RG8 6BV,1966-01-30,58,2024-12-09,part_time,30,managerial,homeowner_mortgage,42,1,1,73300.0,4682.28,893.53,522.4,3266.35,0.1463,2000.0,debt_consolidation,148,not_verified,mobile,8,1,1,pass,pass,316,5,0.6631,1,0,0,partial,0,0,0,0,1,0,0,0,0,0,0,0,844,0,1,Indeterminate,0
ACC-10000134,CUS-20000134,Maya Roberts,50 Oak Road,M10 7FQ,1991-11-11,32,2023-11-21,employed,32,professional,homeowner_mortgage,31,3,1,37900.0,2316.12,357.72,575.46,1382.94,0.1133,2700.0,home_improvement,7,verified,telephone,22,2,0,pass,refer,58,1,0.7021,2,0,0,full,0,0,0,0,1,1,0,0,0,0,0,0,739,0,2,Indeterminate,0
ACC-10000350,CUS-20000350,George Patel,219 Park Avenue,OX9 6LF,1992-10-03,31,2023-10-13,employed,184,professional,homeowner_mortgage,47,1,1,25200.0,1539.74,613.86,1037.16,-111.28,0.2923,16000.0,major_purchase,78,verified,web,7,2,0,pass,pass,143,1,0.1708,2,0,0,full,0,0,0,0,1,0,0,0,0,0,1,0,899,0,2,Indeterminate,0
ACC-10000376,CUS-20000376,Priya Davies,194 Park Avenue,B7 3FA,1990-12-28,32,2023-08-17,self_employed,36,service,homeowner_outright,89,2,2,50700.0,3237.0,50.58,13.36,3173.06,0.012,11300.0,debt_consolidation,27,verified,web,18,2,0,pass,pass,80,4,0.7031,2,0,0,partial,0,0,0,0,0,0,0,1,0,0,0,1,766,0,2,Indeterminate,0
ACC-10000384,CUS-20000384,Ava Clarke,133 Kingfisher Way,SO12 4HV,1981-02-07,41,2023-01-04,employed,52,administrative,homeowner_mortgage,38,2,1,32200.0,2086.04,61.38,648.18,1376.48,0.0229,1800.0,debt_consolidation,40,verified,web,1,1,0,pass,pass,208,1,0.2477,1,0,0,none,0,0,0,0,0,0,0,0,1,0,0,0,810,0,1,Indeterminate,0
ACC-10000416,CUS-20000416,Noah Evans,240 Church Street,PL24 5UL,2005-02-02,18,2023-10-28,employed,77,managerial,social_tenant,132,4,2,65900.0,4158.74,116.05,537.8,3504.89,0.0211,10000.0,car,100,verified,web,5,3,0,pass,pass,0,4,0.5606,3,0,0,full,0,0,0,0,1,0,0,0,0,0,1,0,811,0,2,Indeterminate,0
ACC-10000418,CUS-20000418,Daniel Roberts,222 Oak Road,B27 9GL,1975-07-27,48,2024-02-19,self_employed,43,professional,homeowner_outright,25,2,1,21200.0,1346.41,48.39,9.54,1288.48,0.0274,3400.0,major_purchase,187,verified,mobile,13,1,0,pass,pass,357,2,0.3404,1,0,0,full,0,0,0,0,0,0,0,0,0,0,1,1,879,0,2,Indeterminate,0
ACC-10000442,CUS-20000442,Amelia Foster,12 Highfield Gardens,SO11 3VP,1989-11-06,34,2024-06-05,employed,30,skilled,living_with_family,88,4,0,29200.0,1950.81,626.13,1035.2,289.48,0.2573,6400.0,other,97,partially_verified,web,6,2,0,pass,pass,152,3,0.7914,2,0,0,full,0,0,0,0,0,0,0,0,0,0,0,1,759,0,1,Indeterminate,0
ACC-10000483,CUS-20000483,Ava Morgan,209 Victoria Road,SO7 9YJ,1957-01-19,67,2024-07-30,employed,127,managerial,homeowner_outright,38,1,1,45600.0,2817.93,594.45,123.15,2100.33,0.1564,5700.0,car,48,verified,branch,9,2,1,pass,pass,540,2,0.118,2,0,0,full,0,0,0,0,0,0,1,0,0,1,0,0,928,0,2,Indeterminate,0
ACC-10000488,CUS-20000488,Amelia Roberts,28 Park Avenue,NE4 6RL,1988-12-02,34,2023-07-24,retired,125,not_working,private_tenant,79,4,0,38800.0,2460.6,517.86,832.48,1110.26,0.1602,6600.0,home_improvement,34,verified,telephone,22,0,0,pass,pass,182,4,0.2564,0,0,0,partial,0,1,0,0,0,0,0,0,0,0,0,0,915,0,1,Indeterminate,0
ACC-10000525,CUS-20000525,Sofia Taylor,231 Station Lane,BS26 5XF,1975-12-30,47,2023-03-08,self_employed,36,professional,living_with_family,305,2,0,80300.0,5376.98,156.95,603.83,4616.2,0.0235,3900.0,debt_consolidation,14,verified,branch,7,2,0,pass,pass,120,5,0.2364,2,0,0,full,0,0,0,0,0,0,0,0,0,0,0,1,804,0,1,Indeterminate,0
ACC-10000545,CUS-20000545,Leo Jones,170 Park Avenue,SO10 4DN,1995-02-08,28,2023-08-01,employed,16,service,private_tenant,40,4,2,21200.0,1333.37,91.62,1021.37,220.38,0.0519,12100.0,car,109,verified,web,1,1,0,pass,pass,50,2,0.6232,1,0,0,full,0,1,0,0,0,0,1,0,0,0,0,0,795,0,2,Indeterminate,0
ACC-10000557,CUS-20000557,Aisha Hughes,147 Willow Drive,SO10 4TP,1971-07-09,52,2023-08-10,part_time,33,professional,social_tenant,76,1,0,50000.0,3104.47,243.46,599.43,2261.58,0.0584,8600.0,education,118,verified,web,9,4,0,pass,pass,379,5,0.0652,4,0,1,full,0,0,1,0,0,0,0,0,0,0,0,0,781,0,1,Indeterminate,0
ACC-10000899,CUS-20000899,Oliver Clarke,118 Victoria Road,NE20 2DD,1978-04-21,45,2023-07-20,unemployed,74,service,living_with_family,178,2,1,17800.0,1123.54,109.86,1306.91,-293.23,0.0741,5900.0,debt_consolidation,32,verified,mobile,14,2,0,pass,pass,284,6,0.763,2,0,1,full,0,0,0,0,1,0,0,0,0,0,0,0,758,0,1,Indeterminate,0
ACC-10000940,CUS-20000940,Freya Morgan,99 Willow Drive,NG28 9YD,1981-07-07,41,2023-04-01,employed,50,skilled,homeowner_mortgage,66,2,0,21400.0,1338.96,227.85,180.0,931.11,0.1278,9200.0,education,69,verified,mobile,15,1,0,pass,pass,263,5,0.1571,1,0,0,partial,0,0,0,0,1,0,0,0,0,0,0,0,855,0,1,Indeterminate,0
ACC-10000983,CUS-20000983,Priya Green,221 Willow Drive,NR12 8BL,1984-12-27,38,2023-01-13,employed,61,not_working,private_tenant,16,2,0,23800.0,1424.68,142.21,1126.72,155.75,0.0717,6000.0,car,28,verified,telephone,2,2,0,pass,pass,104,4,0.5957,2,0,0,full,0,0,0,0,1,0,1,0,0,0,0,0,806,0,2,Indeterminate,0
ACC-10000997,CUS-20000997,Amelia Foster,90 Park Avenue,RG15 9HF,1995-03-31,29,2024-11-22,employed,66,not_working,private_tenant,48,2,1,38900.0,2484.79,149.47,920.49,1414.83,0.0461,17500.0,debt_consolidation,23,verified,mobile,22,1,1,pass,pass,71,6,0.0603,1,0,0,full,0,0,0,1,0,0,0,0,0,0,0,1,780,0,2,Indeterminate,0
ACC-10001115,CUS-20001115,Priya Khan,47 Highfield Gardens,NE25 1VJ,1982-01-01,41,2023-11-21,employed,19,administrative,homeowner_mortgage,83,5,1,40100.0,2406.78,134.46,802.3,1470.02,0.0402,4500.0,debt_consolidation,59,partially_verified,mobile,20,2,0,pass,pass,85,1,0.5353,2,0,0,full,0,0,0,0,1,0,0,0,0,0,0,1,830,0,2,Indeterminate,0
ACC-10001134,CUS-20001134,Amelia Davies,208 Station Lane,NG25 4JL,1967-08-20,57,2024-11-12,unemployed,0,managerial,homeowner_mortgage,205,4,0,11500.0,738.4,52.18,722.65,-36.43,0.0544,5400.0,major_purchase,17,partially_verified,web,19,0,0,pass,pass,329,0,0.6153,0,0,0,full,1,0,0,0,0,0,0,0,0,0,0,0,845,0,1,Indeterminate,0
ACC-10001189,CUS-20001189,Aisha Clarke,97 Station Lane,BS1 2TW,1973-09-03,50,2024-03-18,employed,44,manual,homeowner_mortgage,18,3,0,23800.0,1592.08,307.83,656.39,627.86,0.1552,5000.0,debt_consolidation,13,verified,web,5,0,1,pass,pass,192,1,0.2864,0,0,0,full,0,0,0,0,0,0,0,0,0,0,0,1,858,0,1,Indeterminate,0
ACC-10001196,CUS-20001196,Leo Davies,239 Kingfisher Way,L26 6BD,2000-02-25,23,2023-10-25,employed,75,service,homeowner_mortgage,133,3,1,56400.0,3431.59,327.83,408.57,2695.19,0.0698,7200.0,debt_consolidation,58,verified,web,13,1,1,pass,refer,41,3,0.2416,1,0,0,partial,0,0,0,1,1,0,0,0,0,0,0,0,871,0,2,Indeterminate,0
ACC-10001276,CUS-20001276,Adam Evans,247 Willow Drive,G1 8AY,1995-12-05,28,2024-07-20,employed,100,service,homeowner_mortgage,84,3,2,34800.0,2055.03,622.3,570.99,861.74,0.2146,6900.0,major_purchase,295,verified,web,13,1,1,refer,pass,46,0,0.0755,1,0,0,partial,0,0,1,0,0,0,0,0,0,0,0,0,999,0,1,Indeterminate,0
ACC-10001303,CUS-20001303,Theo Roberts,91 Park Avenue,SO28 1LJ,1991-04-12,32,2023-07-01,retired,92,service,private_tenant,74,1,0,52100.0,3329.21,731.3,430.89,2167.02,0.1684,10900.0,car,62,verified,web,9,2,1,pass,pass,52,5,0.2527,2,1,1,full,0,0,0,0,0,1,0,0,0,0,0,0,775,0,1,Indeterminate,0
ACC-10001309,CUS-20001309,Noah Clarke,202 Victoria Road,NE21 7DG,1990-01-08,34,2024-07-13,employed,13,manual,homeowner_mortgage,49,1,1,21500.0,1350.9,434.03,500.46,416.41,0.2422,7600.0,debt_consolidation,62,verified,branch,14,0,1,pass,pass,82,5,0.774,0,1,1,full,0,0,0,0,0,1,0,0,0,0,0,1,732,0,2,Indeterminate,0
ACC-10001318,CUS-20001318,Ava Jones,150 Victoria Road,NE9 7EF,1971-09-22,51,2023-04-02,employed,79,service,private_tenant,156,3,0,8900.0,512.48,313.11,1220.96,-1021.59,0.4222,14000.0,debt_consolidation,92,verified,mobile,16,1,0,pass,pass,303,6,0.5173,1,1,1,full,0,0,0,0,1,0,1,0,0,0,0,0,783,0,2,Indeterminate,0
ACC-10001320,CUS-20001320,Ava Jones,11 Church Street,NG18 4WE,2002-12-06,20,2023-11-12,self_employed,77,not_working,private_tenant,30,3,0,8000.0,519.29,531.89,877.85,-890.45,0.7978,5200.0,car,11,verified,branch,18,1,1,pass,pass,22,2,0.6384,1,1,1,none,1,0,0,0,0,0,0,0,0,0,1,0,635,0,2,Indeterminate,0
ACC-10001365,CUS-20001365,Theo Green,90 Kingfisher Way,NE8 7VA,1975-11-30,48,2024-08-19,employed,48,not_working,homeowner_mortgage,13,3,3,30200.0,1800.91,656.13,843.04,301.74,0.2607,4300.0,home_improvement,43,verified,mobile,6,0,0,pass,pass,293,3,0.3774,0,0,0,full,0,0,0,1,1,0,0,0,0,0,0,0,802,0,2,Indeterminate,0
ACC-10001422,CUS-20001422,Ava Taylor,104 Station Lane,S24 1WD,1974-05-10,49,2023-05-17,employed,53,managerial,private_tenant,72,5,0,31200.0,1844.21,962.32,971.39,-89.5,0.3701,5000.0,car,118,partially_verified,web,15,0,0,refer,pass,283,5,0.1281,0,1,1,full,0,0,0,0,0,1,0,0,0,0,0,0,820,0,1,Indeterminate,0
ACC-10001546,CUS-20001546,Freya Bennett,39 Station Lane,B16 7RB,1982-04-24,40,2023-01-04,employed,11,professional,homeowner_mortgage,110,2,0,15400.0,956.45,183.87,856.86,-84.28,0.1433,12200.0,debt_consolidation,28,verified,web,16,0,0,pass,pass,138,3,0.478,0,0,0,full,0,0,0,0,1,0,0,0,0,0,1,0,838,0,2,Indeterminate,0
ACC-10001658,CUS-20001658,Maya Khan,132 Church Street,SO20 4RS,1989-07-03,34,2023-10-16,part_time,32,service,homeowner_mortgage,99,1,1,23500.0,1392.45,810.96,396.14,185.35,0.4141,6400.0,major_purchase,69,verified,branch,10,3,0,pass,pass,142,3,0.0835,3,0,0,full,0,0,0,0,0,1,0,0,0,0,0,0,881,0,1,Indeterminate,0
ACC-10001695,CUS-20001695,Noah Taylor,46 Willow Drive,RG23 2LJ,2002-04-19,22,2024-06-06,employed,73,manual,private_tenant,41,4,1,29700.0,1964.47,608.83,883.34,472.3,0.246,8400.0,car,60,verified,telephone,15,1,0,pass,pass,16,3,0.269,1,1,1,none,0,0,0,0,0,0,0,1,0,0,0,0,735,0,1,Indeterminate,0
ACC-10001705,CUS-20001705,Oliver Taylor,32 Meadow Close,S8 7RB,1999-02-02,25,2024-10-04,part_time,49,manual,homeowner_mortgage,119,2,0,17600.0,1131.01,183.46,920.69,26.86,0.1251,6500.0,car,10,verified,web,13,0,1,pass,refer,62,3,0.2471,0,0,0,full,0,0,0,0,1,0,0,0,0,0,0,0,859,0,1,Indeterminate,0
ACC-10001706,CUS-20001706,Sofia Lewis,121 Oak Road,SO13 7HJ,1991-02-15,32,2023-02-14,unemployed,23,skilled,homeowner_mortgage,83,3,1,9400.0,592.31,263.07,957.75,-628.51,0.3358,10300.0,education,98,verified,web,10,3,1,pass,pass,105,1,0.4956,3,0,0,partial,0,0,0,0,0,0,0,0,1,0,0,1,726,0,2,Indeterminate,0
ACC-10001730,CUS-20001730,Ava Davies,231 Highfield Gardens,G7 1VE,1975-03-03,49,2024-11-16,employed,87,managerial,homeowner_mortgage,39,1,1,26600.0,1709.45,205.19,895.42,608.84,0.0926,6700.0,car,69,verified,mobile,1,1,0,refer,pass,279,2,0.2877,1,1,1,partial,0,1,0,0,0,0,0,0,0,0,0,0,694,0,1,Indeterminate,0
ACC-10001763,CUS-20001763,Theo Jones,237 Mill View,NR1 9GR,1974-07-11,48,2023-02-12,employed,42,not_working,private_tenant,248,3,1,34900.0,2204.32,167.13,994.74,1042.45,0.0575,11600.0,debt_consolidation,87,verified,mobile,23,1,0,pass,pass,346,0,0.507,1,0,0,full,0,0,0,1,0,0,0,1,0,0,0,0,822,0,2,Indeterminate,0
ACC-10001864,CUS-20001864,Ava Morgan,174 Willow Drive,G12 2LV,1964-10-30,59,2024-05-28,self_employed,58,professional,living_with_family,24,1,3,33600.0,2125.94,202.69,465.67,1457.58,0.0724,29000.0,major_purchase,28,not_verified,web,1,1,0,pass,pass,467,4,0.651,1,0,0,full,0,0,0,0,1,0,0,0,0,0,0,0,787,0,1,Indeterminate,0
ACC-10001957,CUS-20001957,Jack Clarke,9 Highfield Gardens,PL25 4TQ,2001-09-10,21,2023-02-26,employed,24,service,homeowner_mortgage,14,1,0,32800.0,2092.25,43.01,478.84,1570.4,0.0157,5400.0,home_improvement,72,verified,branch,22,3,1,pass,pass,25,5,0.3644,3,0,0,full,0,0,0,0,0,1,0,0,0,0,0,1,776,0,2,Indeterminate,0
ACC-10002010,CUS-20002010,Ava Wilson,225 Park Avenue,PL6 4TP,1990-09-22,34,2024-10-23,employed,75,administrative,private_tenant,74,2,0,20100.0,1294.0,168.79,776.25,348.96,0.1008,15000.0,debt_consolidation,23,verified,mobile,16,1,0,pass,pass,176,6,0.1152,1,1,2,full,0,0,1,0,1,0,0,0,0,0,0,0,852,0,2,Indeterminate,0
ACC-10002021,CUS-20002021,Ava Taylor,165 Park Avenue,NE18 5EQ,1976-07-30,46,2023-01-26,employed,66,administrative,homeowner_mortgage,83,2,2,8000.0,542.61,1109.72,1010.76,-1577.87,1.5,7900.0,major_purchase,33,not_verified,web,2,1,0,pass,pass,208,7,0.2019,1,0,0,full,1,0,0,0,0,0,0,0,0,0,0,0,895,0,1,Indeterminate,0
ACC-10002047,CUS-20002047,Daniel Wilson,4 Victoria Road,RG11 9BN,1962-04-26,61,2023-10-24,employed,51,professional,social_tenant,16,2,0,39900.0,2685.15,628.48,1240.53,816.14,0.189,6100.0,car,25,verified,web,4,2,0,pass,pass,375,5,0.5179,2,0,0,full,0,0,0,0,0,1,0,0,0,0,0,0,802,0,1,Indeterminate,0
ACC-10002105,CUS-20002105,Leo Davies,24 Willow Drive,SO27 2BX,1992-08-30,30,2023-07-31,self_employed,53,administrative,private_tenant,48,2,1,25200.0,1512.09,730.44,827.93,-46.28,0.3478,30000.0,debt_consolidation,78,verified,mobile,8,2,0,pass,pass,122,3,0.0989,2,0,2,none,0,0,0,1,0,0,0,0,0,0,0,1,768,0,2,Indeterminate,0
ACC-10002107,CUS-20002107,Jack Morgan,75 Meadow Close,G20 2XQ,1989-12-18,33,2023-05-23,employed,50,administrative,social_tenant,32,2,1,22800.0,1453.29,337.17,966.45,149.67,0.1775,1900.0,debt_consolidation,88,verified,branch,3,3,0,pass,pass,114,2,0.6506,3,0,1,full,0,1,0,0,0,0,0,0,0,0,1,0,662,0,2,Indeterminate,0
ACC-10002196,CUS-20002196,George Bennett,202 Willow Drive,LS12 9WB,1987-08-16,35,2023-02-09,employed,68,professional,social_tenant,93,3,1,34900.0,2166.04,209.21,1107.09,849.74,0.0719,2100.0,other,19,verified,mobile,6,1,0,pass,pass,199,1,0.25,1,0,1,partial,0,0,0,1,0,0,0,0,0,0,0,0,811,0,1,Indeterminate,0
ACC-10002252,CUS-20002252,Adam Roberts,149 Willow Drive,EH16 7BT,1980-05-30,44,2024-08-20,employed,83,administrative,living_with_family,50,2,0,45800.0,2845.91,214.91,355.67,2275.33,0.0563,15300.0,debt_consolidation,52,verified,branch,0,1,1,fail,pass,112,1,0.5864,1,0,0,full,0,0,0,0,0,0,1,0,0,0,0,0,775,0,1,Indeterminate,0
ACC-10002259,CUS-20002259,Adam Foster,229 Kingfisher Way,M15 5XS,1974-02-21,49,2023-09-01,employed,38,administrative,social_tenant,27,2,3,49500.0,3191.05,318.33,699.08,2173.64,0.0772,6400.0,debt_consolidation,17,verified,web,2,2,1,pass,pass,238,5,0.6434,2,1,1,full,1,0,0,1,0,0,0,0,0,0,0,0,663,0,2,Indeterminate,0
ACC-10002299,CUS-20002299,Jack Khan,36 Station Lane,M15 5SN,1980-07-10,43,2024-06-14,employed,61,managerial,homeowner_mortgage,85,4,0,32100.0,2001.93,109.94,823.16,1068.83,0.0411,14400.0,debt_consolidation,85,verified,branch,22,3,1,pass,pass,158,3,0.3569,3,1,1,full,0,1,1,0,0,0,0,0,0,0,0,0,736,0,2,Indeterminate,0
ACC-10002335,CUS-20002335,Ava Khan,235 Park Avenue,RG18 2AL,2006-06-24,18,2024-07-11,employed,61,professional,living_with_family,20,2,1,53600.0,3450.58,489.13,436.08,2525.37,0.1095,4200.0,debt_consolidation,120,verified,branch,4,0,1,pass,pass,0,3,0.2317,0,1,2,partial,0,0,0,0,0,0,0,0,0,0,1,0,784,0,1,Indeterminate,0
ACC-10002436,CUS-20002436,Sofia Morgan,58 Kingfisher Way,S27 7LX,1984-03-19,40,2024-12-08,employed,54,professional,private_tenant,39,3,1,72700.0,4722.1,262.95,1133.27,3325.88,0.0434,9900.0,debt_consolidation,53,verified,web,9,2,0,pass,pass,177,3,0.8291,2,0,0,full,0,0,0,0,1,0,1,0,0,0,0,0,749,0,2,Indeterminate,0
ACC-10002485,CUS-20002485,Theo Taylor,88 Highfield Gardens,RG1 1HT,1994-07-06,28,2023-06-10,employed,46,skilled,homeowner_outright,21,2,0,18400.0,1171.16,165.15,92.49,913.52,0.1077,8600.0,other,61,verified,web,6,0,1,pass,pass,38,6,0.316,0,0,0,full,0,1,0,0,0,0,0,0,0,0,0,0,866,0,1,Indeterminate,0
ACC-10002496,CUS-20002496,Leo Evans,173 Victoria Road,NG24 7JB,1984-01-23,39,2023-05-03,employed,49,service,homeowner_mortgage,7,1,2,68800.0,4553.18,51.93,652.14,3849.11,0.0091,5100.0,home_improvement,59,verified,web,20,2,0,pass,pass,135,6,0.603,2,0,0,full,0,0,0,0,0,0,1,0,0,0,0,0,783,0,1,Indeterminate,0
ACC-10002644,CUS-20002644,Daniel Evans,174 Highfield Gardens,BS20 5FL,1996-02-29,27,2024-01-14,self_employed,131,not_working,living_with_family,67,2,1,41900.0,2543.85,101.66,476.49,1965.7,0.0291,6900.0,major_purchase,16,verified,mobile,7,1,1,pass,pass,73,2,0.103,1,0,0,full,0,0,0,1,0,0,0,0,0,0,0,0,861,0,1,Indeterminate,0
ACC-10002722,CUS-20002722,Leo Green,157 Oak Road,LS5 7BW,1988-06-30,35,2024-05-10,self_employed,48,service,private_tenant,108,1,0,26700.0,1727.93,227.84,981.57,518.52,0.1024,7300.0,home_improvement,150,verified,web,12,0,0,pass,pass,63,1,0.3566,0,1,1,full,0,0,0,0,0,0,0,1,1,0,0,0,773,0,2,Indeterminate,0
ACC-10002726,CUS-20002726,George Morgan,100 Willow Drive,RG7 3PG,1970-09-29,52,2023-07-13,retired,119,not_working,homeowner_outright,62,2,0,48800.0,3161.32,291.42,34.24,2835.66,0.0717,21300.0,other,174,verified,mobile,11,0,1,pass,pass,249,2,0.4932,0,0,0,full,0,0,0,0,0,1,0,0,1,0,0,0,891,0,2,Indeterminate,0
ACC-10002728,CUS-20002728,Freya Shah,97 Kingfisher Way,OX20 4HA,1992-11-07,31,2024-01-04,part_time,98,skilled,homeowner_mortgage,52,4,0,35200.0,2274.44,440.08,825.49,1008.87,0.15,5500.0,debt_consolidation,67,verified,branch,0,3,1,pass,pass,77,2,0.0499,3,0,0,full,0,0,1,0,0,0,0,0,0,0,0,0,912,0,1,Indeterminate,0
ACC-10002747,CUS-20002747,Aisha Khan,18 Highfield Gardens,BS23 1LA,1959-11-11,63,2023-01-24,employed,75,managerial,homeowner_mortgage,59,2,1,23600.0,1481.63,326.31,902.8,252.52,0.1659,7000.0,debt_consolidation,56,verified,telephone,13,1,0,pass,pass,187,4,0.4388,1,0,0,partial,0,0,0,0,0,0,0,0,1,0,0,0,855,0,1,Indeterminate,0
ACC-10002832,CUS-20002832,Isla Bennett,103 Victoria Road,S1 2SR,1962-04-12,60,2023-01-02,employed,80,administrative,social_tenant,57,1,0,23500.0,1427.52,124.73,845.82,456.97,0.0637,13300.0,major_purchase,53,verified,mobile,13,1,0,pass,pass,402,1,0.3492,1,0,1,full,0,0,0,0,0,1,0,0,0,0,0,1,855,0,2,Indeterminate,0
ACC-10002905,CUS-20002905,Oliver Green,220 Victoria Road,EH23 5UA,1955-06-10,67,2023-03-25,employed,101,not_working,social_tenant,60,1,3,39800.0,2540.26,335.69,1025.61,1178.96,0.1012,14500.0,debt_consolidation,84,verified,branch,17,1,1,pass,pass,337,4,0.8797,1,0,0,full,0,0,0,1,0,0,0,0,0,0,1,0,704,0,2,Indeterminate,0
ACC-10003092,CUS-20003092,Ava Davies,106 Oak Road,B8 2FF,1969-07-18,55,2024-11-29,employed,112,manual,homeowner_mortgage,20,4,0,36100.0,2191.9,195.68,525.43,1470.79,0.065,2500.0,debt_consolidation,39,verified,mobile,13,1,1,pass,pass,278,4,0.4967,1,0,0,full,0,0,0,0,0,0,1,0,1,0,0,0,826,0,2,Indeterminate,0
ACC-10003121,CUS-20003121,Ava Morgan,158 Kingfisher Way,M25 4BL,1967-12-09,56,2024-08-29,employed,107,professional,private_tenant,130,5,0,59500.0,3716.77,138.19,780.55,2798.03,0.0279,5000.0,car,41,verified,branch,18,0,0,pass,pass,147,6,0.2307,0,0,0,full,0,0,0,0,0,0,0,0,1,0,0,0,959,0,1,Indeterminate,0
ACC-10003146,CUS-20003146,Freya Jones,16 Park Avenue,NG25 4SG,1971-10-28,51,2023-01-26,employed,30,service,homeowner_mortgage,11,1,2,46400.0,2834.33,213.96,389.23,2231.14,0.0553,12300.0,other,79,verified,web,0,4,0,pass,pass,246,2,0.4418,4,0,1,full,0,0,0,0,0,0,0,0,0,0,1,0,769,0,1,Indeterminate,0
ACC-10003157,CUS-20003157,Sofia Foster,207 Victoria Road,OX22 9GT,1965-05-10,59,2024-07-17,employed,141,manual,private_tenant,66,2,0,19000.0,1182.44,537.34,1158.79,-513.69,0.3394,9700.0,home_improvement,95,partially_verified,mobile,23,0,1,pass,pass,257,6,0.0955,0,0,0,full,0,0,1,0,0,0,0,1,0,0,0,0,962,0,2,Indeterminate,0
ACC-10003180,CUS-20003180,Ava Khan,217 Highfield Gardens,NE3 4JD,1997-06-14,26,2024-04-30,employed,43,managerial,homeowner_mortgage,60,3,0,10000.0,667.86,587.57,1242.46,-1162.17,0.7051,5800.0,debt_consolidation,33,verified,web,0,3,0,pass,pass,82,2,0.1816,3,0,1,full,0,0,0,0,0,0,0,0,1,0,0,0,808,0,1,Indeterminate,0
ACC-10003191,CUS-20003191,Oliver Taylor,165 Park Avenue,PL14 4XN,2004-10-15,20,2024-11-26,part_time,49,service,homeowner_outright,21,4,2,19200.0,1236.67,329.18,86.25,821.24,0.2057,14700.0,other,84,verified,mobile,5,1,0,pass,pass,11,2,0.2138,1,0,0,partial,0,0,0,0,0,0,0,0,0,0,1,0,885,0,1,Indeterminate,0
ACC-10003260,CUS-20003260,Ava Wilson,143 Church Street,EH10 6UL,1976-06-13,48,2024-07-08,employed,40,managerial,private_tenant,76,1,1,36400.0,2255.11,35.47,593.34,1626.3,0.0117,4600.0,home_improvement,39,verified,mobile,17,1,0,pass,pass,332,5,0.5699,1,1,1,none,0,0,0,0,1,0,1,0,0,0,0,0,682,0,2,Indeterminate,0
ACC-10003444,CUS-20003444,Daniel Taylor,17 Willow Drive,S10 1DD,1984-03-02,38,2023-01-08,part_time,19,professional,homeowner_mortgage,58,3,0,65900.0,4261.34,111.86,724.51,3424.97,0.0204,12400.0,education,79,verified,branch,15,1,0,pass,refer,169,3,0.3562,1,1,2,full,0,0,0,0,0,1,0,0,1,0,0,0,741,0,2,Indeterminate,0
ACC-10003499,CUS-20003499,Priya Davies,68 Church Street,LS12 3FW,1954-03-19,69,2023-05-27,employed,114,managerial,social_tenant,143,3,2,16900.0,992.5,20.0,1004.77,-32.27,0.0142,8100.0,debt_consolidation,34,partially_verified,mobile,4,1,0,refer,pass,557,0,0.6823,1,0,0,full,1,0,0,0,1,0,0,0,0,0,0,0,718,0,2,Indeterminate,0
ACC-10003530,CUS-20003530,George Roberts,159 Kingfisher Way,NG11 4HL,1968-03-23,55,2023-07-27,employed,89,skilled,homeowner_outright,19,2,0,16300.0,1005.45,173.04,125.86,706.55,0.1274,3400.0,car,4,verified,mobile,4,1,0,pass,pass,268,4,0.2762,1,0,0,full,0,0,0,0,0,0,0,0,1,1,0,0,890,0,2,Indeterminate,0
ACC-10003553,CUS-20003553,Theo Clarke,58 Church Street,L5 6FG,1988-03-18,35,2023-06-06,employed,64,professional,private_tenant,40,2,0,14600.0,951.16,217.38,616.45,117.33,0.1787,19500.0,debt_consolidation,97,partially_verified,branch,13,1,1,pass,pass,66,0,0.639,1,0,2,full,0,0,0,0,0,0,1,0,0,0,0,0,783,0,1,Indeterminate,0
ACC-10003555,CUS-20003555,Oliver Wilson,129 Church Street,BS23 1BL,1987-12-16,36,2024-01-05,self_employed,52,professional,homeowner_outright,69,2,0,40800.0,2693.87,865.63,169.72,1658.52,0.2546,5200.0,debt_consolidation,27,partially_verified,web,16,4,1,pass,pass,79,7,0.2024,4,1,1,full,0,0,0,0,1,0,0,0,0,0,0,0,736,0,1,Indeterminate,0
ACC-10003557,CUS-20003557,George Lewis,238 Victoria Road,NG17 9JW,1991-11-21,32,2024-10-07,employed,2,skilled,homeowner_outright,89,3,1,60900.0,3774.11,369.19,19.48,3385.44,0.0727,3900.0,debt_consolidation,117,verified,web,4,1,0,pass,pass,115,5,0.4903,1,0,0,partial,0,1,0,0,0,0,0,1,0,0,0,0,775,0,2,Indeterminate,0
ACC-10003565,CUS-20003565,George Davies,208 Church Street,CF25 6RJ,1975-04-11,49,2024-05-29,employed,30,administrative,homeowner_mortgage,126,2,3,18400.0,1161.92,124.21,201.99,835.72,0.081,12800.0,debt_consolidation,67,verified,mobile,9,1,1,pass,pass,326,4,0.6817,1,0,0,full,0,0,0,0,1,0,0,1,0,0,0,0,764,0,2,Indeterminate,0
ACC-10003584,CUS-20003584,Leo Clarke,55 Park Avenue,NE12 8QW,1977-03-14,45,2023-02-01,part_time,87,service,social_tenant,36,3,0,14200.0,883.83,581.03,908.08,-605.28,0.491,2600.0,car,51,verified,mobile,19,1,0,pass,pass,158,1,0.2914,1,0,0,partial,0,0,0,0,0,1,0,0,0,0,0,0,800,0,1,Indeterminate,0
ACC-10003655,CUS-20003655,Sofia Jones,79 Church Street,EH9 3RA,1971-06-29,52,2024-03-28,employed,39,skilled,living_with_family,47,1,1,14500.0,899.09,73.26,761.95,63.88,0.0606,8700.0,debt_consolidation,65,verified,web,18,0,0,pass,pass,337,1,0.3616,0,0,0,full,0,0,0,1,0,0,0,0,0,0,0,0,881,0,1,Indeterminate,0
ACC-10003676,CUS-20003676,Priya Patel,193 Kingfisher Way,EH14 1BQ,1971-03-06,52,2023-07-06,unemployed,125,administrative,homeowner_mortgage,148,4,0,8400.0,505.71,279.31,730.61,-504.21,0.399,6300.0,home_improvement,190,partially_verified,web,13,2,0,pass,pass,350,5,0.8641,2,0,1,full,0,0,0,0,0,1,0,0,1,0,0,0,753,0,2,Indeterminate,0
ACC-10003716,CUS-20003716,Ava Hughes,133 Station Lane,M8 5RP,1996-04-09,27,2023-12-22,self_employed,70,managerial,living_with_family,107,1,1,28100.0,1740.03,378.91,856.97,504.15,0.1618,17800.0,car,22,verified,web,2,2,0,pass,pass,68,1,0.7068,2,0,0,full,1,0,0,0,0,0,0,0,0,0,0,0,762,0,1,Indeterminate,0
ACC-10003717,CUS-20003717,Aisha Foster,106 Meadow Close,L29 7JD,1973-03-13,50,2024-01-02,employed,93,manual,social_tenant,92,4,0,20900.0,1328.38,165.31,1105.44,57.63,0.0949,2800.0,debt_consolidation,112,verified,web,12,1,0,refer,pass,288,2,0.3094,1,0,0,full,0,0,1,0,0,0,0,0,0,0,0,0,843,0,1,Indeterminate,0
ACC-10003800,CUS-20003800,Theo Wilson,155 Highfield Gardens,S11 5JV,1978-05-10,44,2023-02-02,part_time,74,not_working,homeowner_mortgage,23,1,0,47700.0,3128.33,341.21,929.35,1857.77,0.0858,2800.0,home_improvement,54,partially_verified,web,10,1,0,pass,pass,222,4,0.5054,1,0,0,partial,0,0,0,0,0,0,0,1,0,0,0,1,760,0,2,Indeterminate,0
ACC-10003809,CUS-20003809,George Lewis,152 Oak Road,OX1 3RW,1986-12-22,36,2023-08-02,part_time,24,administrative,living_with_family,50,2,1,25100.0,1573.89,272.82,1094.2,206.87,0.1304,3400.0,debt_consolidation,96,verified,mobile,6,1,0,pass,pass,142,6,0.2682,1,0,0,full,0,0,1,0,0,0,0,0,1,0,0,0,943,0,2,Indeterminate,0
ACC-10003828,CUS-20003828,Freya Roberts,40 Kingfisher Way,OX12 8BG,1987-12-17,36,2024-05-09,self_employed,18,administrative,living_with_family,55,1,0,43600.0,2758.76,109.32,1047.66,1601.78,0.0301,4900.0,home_improvement,113,partially_verified,mobile,16,4,0,pass,pass,120,4,0.3404,4,0,0,full,0,0,0,0,0,0,0,0,0,0,1,0,778,0,1,Indeterminate,0
ACC-10003838,CUS-20003838,Aisha Jones,57 Victoria Road,B22 2SF,1979-12-03,43,2023-11-24,employed,74,managerial,private_tenant,58,3,0,37100.0,2297.56,187.8,180.0,1929.76,0.0607,9600.0,car,205,partially_verified,branch,17,1,1,pass,pass,178,3,0.625,1,0,0,full,0,0,0,0,0,0,0,0,0,0,0,1,795,0,1,Indeterminate,0
ACC-10003952,CUS-20003952,Maya Foster,27 Kingfisher Way,PL25 5PQ,1988-08-07,36,2024-08-24,employed,25,manual,living_with_family,149,2,0,28500.0,1779.98,321.45,790.42,668.11,0.1353,9100.0,car,21,verified,web,15,3,0,pass,pass,136,2,0.0209,3,0,0,full,1,0,0,0,0,0,0,0,0,0,0,0,815,0,1,Indeterminate,0
ACC-10003989,CUS-20003989,Leo Hughes,81 Church Street,OX13 3QH,2000-06-30,24,2024-10-20,part_time,60,administrative,homeowner_outright,50,3,1,24600.0,1673.41,550.19,89.38,1033.84,0.2684,4800.0,debt_consolidation,82,verified,telephone,12,0,1,pass,pass,70,0,0.1023,0,0,0,full,0,0,0,1,0,0,0,0,0,0,0,0,957,0,1,Indeterminate,0
ACC-10004034,CUS-20004034,Ava Evans,101 Victoria Road,OX3 5XR,1961-05-10,62,2023-06-16,self_employed,121,service,homeowner_outright,85,5,1,46500.0,3001.64,270.92,105.14,2625.58,0.0699,4700.0,debt_consolidation,129,verified,web,16,1,0,pass,pass,360,2,0.2854,1,0,0,full,0,0,0,1,0,0,0,0,0,0,1,0,899,0,2,Indeterminate,0
ACC-10004066,CUS-20004066,Daniel Davies,150 Highfield Gardens,RG4 4PA,1963-08-11,59,2023-04-14,employed,46,not_working,homeowner_mortgage,31,2,0,34000.0,2124.88,74.19,742.96,1307.73,0.0262,1000.0,other,40,verified,mobile,0,3,0,pass,pass,373,3,0.483,3,0,2,full,0,1,0,0,0,0,0,0,0,0,0,0,694,0,1,Indeterminate,0
ACC-10004125,CUS-20004125,George Wilson,85 Meadow Close,M15 5JL,1981-04-30,42,2023-09-26,employed,73,professional,homeowner_mortgage,89,2,2,27900.0,1753.39,68.99,785.74,898.66,0.0297,4100.0,home_improvement,28,verified,telephone,3,0,0,pass,pass,230,0,0.2315,0,0,1,full,0,0,0,0,1,0,0,0,0,0,0,1,979,0,2,Indeterminate,0
ACC-10004142,CUS-20004142,Ava Taylor,50 Church Street,M28 6AL,1997-02-05,26,2023-04-18,employed,20,service,homeowner_mortgage,27,3,1,34900.0,2250.44,91.39,1156.53,1002.52,0.0314,4100.0,car,82,not_verified,web,2,2,0,pass,pass,53,3,0.3934,2,0,1,full,0,0,1,0,0,0,0,0,0,0,0,0,804,0,1,Indeterminate,0
ACC-10004242,CUS-20004242,Ava Patel,130 Willow Drive,M23 8HD,1970-11-12,52,2023-01-01,employed,8,service,homeowner_mortgage,18,2,1,34900.0,2129.01,314.46,857.44,957.11,0.1081,2900.0,home_improvement,54,partially_verified,mobile,10,1,0,pass,pass,295,1,0.7576,1,0,2,full,1,0,0,0,0,0,0,1,0,0,0,0,844,0,2,Indeterminate,0
ACC-10004248,CUS-20004248,Theo Hughes,11 Willow Drive,L24 3UJ,1989-08-05,34,2023-11-13,retired,39,administrative,homeowner_mortgage,96,1,2,21600.0,1400.35,169.89,615.61,614.85,0.0944,4600.0,car,162,not_verified,web,21,0,0,pass,pass,104,5,0.2655,0,1,1,full,0,1,0,0,0,0,0,0,0,0,0,0,828,0,1,Indeterminate,0
ACC-10004285,CUS-20004285,Amelia Evans,165 Victoria Road,SO1 5GL,2001-11-09,22,2024-08-11,employed,205,service,homeowner_mortgage,43,2,1,44800.0,2758.91,137.18,656.92,1964.81,0.0367,5500.0,car,151,verified,mobile,17,1,0,pass,pass,29,5,0.4792,1,0,0,full,0,0,0,0,0,1,0,0,0,0,0,0,945,0,1,Indeterminate,0
ACC-10004341,CUS-20004341,Jack Evans,88 Victoria Road,SO7 4EH,1982-04-17,42,2024-07-31,self_employed,41,service,social_tenant,12,3,0,42300.0,2802.04,497.57,519.95,1784.52,0.1412,9000.0,car,53,partially_verified,mobile,10,0,0,pass,pass,111,2,0.4429,0,0,0,full,0,0,0,0,0,0,0,0,0,0,1,0,904,0,1,Indeterminate,0
ACC-10004479,CUS-20004479,Noah Khan,177 Park Avenue,RG21 2VQ,1980-09-01,43,2024-03-19,self_employed,63,not_working,homeowner_mortgage,86,3,1,14100.0,916.04,343.68,912.16,-339.8,0.2925,13000.0,major_purchase,49,verified,mobile,8,2,0,pass,pass,197,2,0.0643,2,0,0,full,0,0,0,0,0,0,0,0,0,0,0,1,854,0,1,Indeterminate,0
ACC-10004494,CUS-20004494,Priya Evans,162 Station Lane,SO25 8JB,1981-11-13,42,2024-04-03,employed,14,not_working,homeowner_mortgage,35,2,0,32600.0,2146.12,430.22,951.52,764.38,0.1584,6500.0,home_improvement,79,verified,branch,16,3,1,pass,pass,185,4,0.5559,3,0,0,full,0,0,0,0,0,0,1,0,0,0,0,0,743,0,1,Indeterminate,0
ACC-10004576,CUS-20004576,Jack Wilson,138 Meadow Close,L21 9EH,1963-12-19,60,2024-01-18,employed,62,managerial,private_tenant,73,6,0,23400.0,1523.02,134.01,977.81,411.2,0.0687,1700.0,debt_consolidation,218,verified,web,0,3,0,pass,pass,293,3,0.4363,3,0,0,full,0,0,0,0,0,0,1,0,0,0,0,0,798,0,1,Indeterminate,0
ACC-10004687,CUS-20004687,Adam Evans,140 Station Lane,NR13 9YP,1997-06-06,27,2024-08-27,employed,28,managerial,homeowner_mortgage,113,3,1,38200.0,2419.77,35.28,571.87,1812.62,0.0111,6300.0,other,99,verified,web,7,0,0,pass,pass,57,1,0.3271,0,0,0,full,0,0,0,0,0,0,0,0,1,0,0,0,878,0,1,Indeterminate,0
ACC-10004783,CUS-20004783,Isla Hughes,66 Highfield Gardens,RG15 8GQ,1989-07-19,33,2023-01-09,employed,12,administrative,private_tenant,93,2,2,44400.0,2942.38,80.49,564.71,2297.18,0.0218,12100.0,home_improvement,125,verified,mobile,15,1,1,pass,pass,57,1,0.5577,1,0,0,full,0,0,0,0,0,0,0,0,1,0,0,1,793,0,2,Indeterminate,0
ACC-10004798,CUS-20004798,Priya Davies,195 Church Street,NG27 3HU,1978-10-02,44,2023-07-11,employed,79,skilled,homeowner_mortgage,41,2,1,24700.0,1491.23,160.97,367.44,962.82,0.0782,5800.0,major_purchase,41,verified,web,1,3,0,pass,pass,166,4,0.0245,3,0,0,full,0,1,0,0,0,0,0,0,0,0,0,0,875,0,1,Indeterminate,0
ACC-10004799,CUS-20004799,Theo Khan,129 Meadow Close,NG15 6YQ,1984-01-27,39,2023-12-07,employed,48,professional,homeowner_mortgage,7,2,0,29100.0,1896.03,321.09,970.78,604.16,0.1324,7000.0,major_purchase,137,verified,mobile,0,2,1,pass,pass,191,4,0.2947,2,0,1,none,0,0,0,0,0,0,0,0,0,1,1,0,836,0,2,Indeterminate,0
ACC-10004834,CUS-20004834,Maya Clarke,94 Church Street,S19 9UH,1986-03-26,38,2024-10-27,employed,19,managerial,homeowner_mortgage,13,1,1,16800.0,1100.59,290.86,1106.07,-296.34,0.2078,1200.0,debt_consolidation,151,verified,mobile,5,2,0,pass,pass,91,2,0.387,2,0,0,full,0,1,0,0,0,0,0,0,0,1,0,0,802,0,2,Indeterminate,0
ACC-10004881,CUS-20004881,Priya Wilson,142 Kingfisher Way,RG16 8AL,1972-06-24,50,2023-05-07,self_employed,16,professional,living_with_family,33,2,2,17400.0,1108.25,214.63,1087.78,-194.16,0.148,5300.0,home_improvement,59,verified,mobile,1,0,0,pass,pass,126,6,0.4208,0,0,0,partial,0,0,0,0,1,0,0,0,1,0,0,0,929,0,2,Indeterminate,0
ACC-10004957,CUS-20004957,Freya Shah,155 Station Lane,NG17 8XY,1972-01-17,51,2023-08-12,retired,52,service,social_tenant,130,3,0,20900.0,1283.23,664.61,822.52,-203.9,0.3816,4800.0,car,110,partially_verified,mobile,5,2,0,pass,pass,318,3,0.7812,2,1,1,partial,0,1,0,0,0,0,0,0,0,0,0,0,648,0,1,Indeterminate,0
ACC-10005026,CUS-20005026,Theo Lewis,237 Victoria Road,LS28 1BW,1992-03-04,32,2024-07-22,employed,55,manual,private_tenant,79,3,1,31500.0,2050.71,76.88,649.31,1324.52,0.0293,7200.0,major_purchase,136,verified,mobile,1,2,1,pass,pass,165,3,0.4716,2,0,1,full,0,0,0,0,0,0,0,1,0,0,0,0,823,0,1,Indeterminate,0
ACC-10005056,CUS-20005056,Ava Jones,29 Meadow Close,NG11 4QJ,1979-07-13,45,2024-11-13,part_time,29,managerial,homeowner_mortgage,77,1,1,49000.0,2912.27,147.1,645.26,2119.91,0.036,8400.0,major_purchase,46,partially_verified,web,13,0,0,pass,pass,198,4,0.4853,0,1,1,full,0,1,0,0,0,0,0,0,0,0,0,0,707,0,1,Indeterminate,0
ACC-10005093,CUS-20005093,Maya Davies,73 Highfield Gardens,NG19 6XT,1991-04-23,32,2023-07-23,self_employed,72,professional,homeowner_mortgage,26,2,0,30800.0,1868.15,307.54,827.93,732.68,0.1198,15400.0,car,37,partially_verified,web,18,0,1,pass,pass,89,4,0.1802,0,0,0,none,0,0,0,0,0,0,0,0,0,0,0,1,928,0,1,Indeterminate,0
ACC-10005133,CUS-20005133,George Khan,129 Willow Drive,M2 7ND,1971-06-24,52,2024-06-14,employed,84,professional,social_tenant,26,2,1,37800.0,2447.56,749.6,1391.6,306.36,0.238,11700.0,major_purchase,40,verified,mobile,14,1,0,pass,pass,385,5,0.599,1,1,1,full,0,1,0,0,0,0,0,1,0,0,0,0,692,0,2,Indeterminate,0
ACC-10005153,CUS-20005153,Sofia Shah,187 Kingfisher Way,M16 8SS,1998-11-13,25,2024-06-25,employed,16,administrative,living_with_family,6,1,0,42300.0,2699.14,336.9,663.59,1698.65,0.0956,5900.0,home_improvement,51,verified,telephone,3,2,1,pass,pass,62,4,0.5201,2,0,0,full,0,0,0,0,0,0,0,0,1,0,0,0,791,0,1,Indeterminate,0
ACC-10005190,CUS-20005190,Priya Bennett,202 Church Street,SO20 3XY,1980-03-19,44,2024-04-08,employed,117,service,private_tenant,60,2,0,60300.0,3513.47,202.77,598.98,2711.72,0.0404,14900.0,major_purchase,50,verified,web,5,1,0,refer,pass,309,4,0.3044,1,0,0,full,0,0,0,1,0,0,0,0,0,0,0,0,904,0,1,Indeterminate,0
ACC-10005242,CUS-20005242,Jack Morgan,108 Willow Drive,L16 2UD,1972-04-20,50,2023-01-25,self_employed,23,professional,homeowner_mortgage,156,2,0,57900.0,3752.27,450.93,982.87,2318.47,0.0935,4300.0,debt_consolidation,79,not_verified,telephone,6,0,1,fail,pass,366,0,0.6808,0,0,0,full,0,0,0,0,0,0,1,1,0,0,0,0,773,0,2,Indeterminate,0
ACC-10005322,CUS-20005322,Jack Roberts,45 Mill View,M12 1DF,1980-06-14,42,2023-05-30,self_employed,15,manual,homeowner_mortgage,166,2,1,29900.0,1919.22,232.07,675.3,1011.85,0.0931,3500.0,car,35,verified,web,0,2,0,pass,pass,192,1,0.48,2,0,1,full,0,0,0,0,0,0,1,0,0,0,0,1,721,0,2,Indeterminate,0
ACC-10005451,CUS-20005451,Ava Shah,211 Station Lane,SO22 2DN,1990-04-15,34,2024-12-28,self_employed,31,skilled,homeowner_mortgage,128,2,0,45700.0,2840.85,62.16,801.65,1977.04,0.0163,4300.0,debt_consolidation,108,verified,mobile,22,2,0,pass,pass,111,4,0.3175,2,1,1,full,0,0,1,0,0,0,0,0,0,0,0,0,820,0,1,Indeterminate,0
ACC-10005466,CUS-20005466,Theo Wilson,107 Kingfisher Way,NE9 1AR,1981-12-28,42,2024-05-24,employed,10,administrative,social_tenant,67,1,0,38100.0,2364.95,703.46,815.16,846.33,0.2216,4300.0,debt_consolidation,28,verified,mobile,2,1,0,pass,pass,163,3,0.5317,1,0,1,partial,0,0,0,0,0,0,0,0,1,0,0,0,804,0,1,Indeterminate,0
ACC-10005474,CUS-20005474,Isla Roberts,199 Church Street,BS12 2XU,1980-11-11,42,2023-01-11,retired,43,administrative,homeowner_mortgage,63,2,1,24500.0,1575.56,558.75,681.07,335.74,0.2737,4500.0,major_purchase,107,partially_verified,web,14,0,0,pass,pass,186,3,0.3032,0,1,3,full,0,0,0,0,0,0,0,0,1,0,1,0,698,0,2,Indeterminate,0
ACC-10005532,CUS-20005532,Maya Evans,88 Mill View,B17 2VV,1974-05-21,50,2024-08-12,unemployed,5,service,homeowner_mortgage,76,3,1,13200.0,854.09,652.23,1829.22,-1627.36,0.5929,12900.0,debt_consolidation,98,verified,web,1,0,1,pass,pass,210,2,0.1628,0,0,0,full,0,0,1,0,0,0,0,0,0,0,0,0,864,0,1,Indeterminate,0
ACC-10005564,CUS-20005564,Sofia Shah,31 Meadow Close,S26 6GA,1973-08-15,49,2023-07-18,part_time,15,service,private_tenant,87,2,1,19200.0,1234.86,282.49,439.37,513.0,0.1766,3200.0,home_improvement,60,verified,branch,15,2,0,pass,pass,188,2,0.3936,2,0,1,none,1,0,0,0,0,0,0,0,0,0,0,0,733,0,1,Indeterminate,0
ACC-10005666,CUS-20005666,Oliver Roberts,107 Oak Road,CF15 9GS,1977-05-14,46,2024-04-13,self_employed,87,service,private_tenant,6,3,0,25200.0,1566.75,196.92,589.7,780.13,0.0938,3600.0,home_improvement,67,verified,web,21,3,0,pass,pass,183,1,0.1376,3,1,1,full,1,0,0,0,1,0,0,0,0,0,0,0,828,0,2,Indeterminate,0
ACC-10005684,CUS-20005684,Freya Jones,97 Kingfisher Way,S16 9RT,1977-03-05,47,2024-03-21,retired,18,skilled,private_tenant,16,1,1,27700.0,1677.07,391.63,1152.93,132.51,0.1697,6100.0,debt_consolidation,40,verified,mobile,3,1,0,pass,pass,319,3,0.3917,1,0,1,full,0,0,0,1,0,0,0,0,0,0,0,0,764,0,1,Indeterminate,0
ACC-10005738,CUS-20005738,Sofia Roberts,3 Station Lane,G13 3EJ,1988-06-10,34,2023-03-08,employed,55,managerial,homeowner_mortgage,91,2,0,26200.0,1668.42,27.11,1196.64,444.67,0.0124,20900.0,home_improvement,58,verified,branch,12,2,0,pass,pass,137,0,0.3761,2,0,0,full,0,0,0,1,0,0,0,0,0,0,0,1,884,0,2,Indeterminate,0
ACC-10005794,CUS-20005794,Sofia Patel,105 Victoria Road,RG2 2JG,1978-12-10,44,2023-05-25,employed,8,skilled,private_tenant,83,1,0,24400.0,1534.3,176.1,433.3,924.9,0.0866,1600.0,home_improvement,66,verified,telephone,9,0,0,pass,pass,106,3,0.4886,0,1,2,full,0,0,1,0,0,0,0,0,0,0,0,0,802,0,1,Indeterminate,0
ACC-10005803,CUS-20005803,Leo Green,74 Kingfisher Way,NR1 9PE,1985-05-10,39,2024-08-06,employed,26,managerial,private_tenant,6,2,0,10200.0,643.7,745.47,405.73,-507.5,0.877,5700.0,car,97,verified,web,8,0,1,pass,pass,89,0,0.5594,0,0,0,full,0,0,0,0,0,0,0,0,1,0,0,1,902,0,2,Indeterminate,0
ACC-10005816,CUS-20005816,Aisha Lewis,123 Willow Drive,L22 1PR,1985-08-29,38,2023-12-21,self_employed,72,not_working,homeowner_mortgage,58,1,2,22500.0,1413.84,507.9,973.87,-67.93,0.2709,6700.0,debt_consolidation,50,verified,web,18,1,0,pass,pass,197,2,0.8538,1,1,1,full,0,0,0,0,0,0,1,0,0,0,0,0,685,0,1,Indeterminate,0
ACC-10005877,CUS-20005877,Isla Jones,13 Victoria Road,LS28 6YE,1970-04-11,54,2024-07-11,employed,16,managerial,living_with_family,89,2,2,16700.0,1006.94,74.09,1065.11,-132.26,0.0532,18000.0,debt_consolidation,90,verified,mobile,4,3,0,pass,pass,397,4,0.1032,3,0,0,full,0,0,0,0,0,0,1,0,0,0,0,0,878,0,1,Indeterminate,0
ACC-10005923,CUS-20005923,Priya Green,171 Victoria Road,EH2 3QG,1997-09-29,26,2024-09-22,retired,30,skilled,homeowner_mortgage,8,3,1,22100.0,1418.17,481.92,613.48,322.77,0.2617,4100.0,debt_consolidation,17,not_verified,telephone,6,2,0,pass,pass,91,3,0.4095,2,0,0,partial,0,0,0,1,0,0,0,0,0,0,0,0,822,0,1,Indeterminate,0
ACC-10005935,CUS-20005935,Leo Lewis,148 Church Street,RG5 7EQ,1973-04-08,50,2023-11-07,unemployed,23,manual,living_with_family,101,2,0,9800.0,609.45,335.12,981.59,-707.26,0.4104,1900.0,other,79,verified,mobile,1,3,0,pass,pass,213,5,0.2676,3,0,1,partial,0,1,0,0,0,0,0,0,0,1,0,0,886,0,2,Indeterminate,0
ACC-10005951,CUS-20005951,Maya Morgan,203 Oak Road,NG5 2WS,1998-08-16,24,2023-02-04,self_employed,64,skilled,homeowner_outright,56,3,0,21200.0,1428.61,324.92,55.03,1048.66,0.1839,9300.0,major_purchase,44,not_verified,branch,20,2,0,pass,pass,62,4,0.7507,2,0,0,full,1,0,0,0,0,0,0,0,0,0,0,1,773,0,2,Indeterminate,0
ACC-10005988,CUS-20005988,Amelia Khan,192 Meadow Close,M7 9GE,1981-03-23,43,2024-04-21,employed,129,skilled,homeowner_mortgage,83,2,0,25400.0,1595.63,139.16,843.54,612.93,0.0657,1500.0,other,120,verified,telephone,16,0,0,pass,pass,168,4,0.5919,0,1,1,full,0,0,0,0,0,0,0,0,0,1,0,1,774,0,2,Indeterminate,0
ACC-10006017,CUS-20006017,Ava Patel,23 Willow Drive,RG3 5LY,1979-11-29,44,2024-06-09,unemployed,0,managerial,homeowner_mortgage,100,1,1,12900.0,833.45,198.66,484.23,150.56,0.1848,5900.0,debt_consolidation,31,verified,mobile,16,2,1,pass,pass,209,4,0.5306,2,1,1,full,0,0,1,0,0,0,0,0,1,0,0,0,739,0,2,Indeterminate,0
ACC-10006084,CUS-20006084,George Bennett,76 Station Lane,NR3 1GD,1981-05-31,42,2023-08-22,employed,29,not_working,private_tenant,87,3,0,36100.0,2343.23,276.83,747.8,1318.6,0.092,8800.0,car,81,verified,web,6,1,1,pass,pass,146,5,0.1852,1,0,0,full,0,0,0,0,0,0,1,0,0,0,0,0,851,0,1,Indeterminate,0
ACC-10006227,CUS-20006227,Priya Bennett,34 Victoria Road,B6 6NU,1991-06-16,32,2023-10-28,employed,46,administrative,living_with_family,9,2,0,59300.0,3776.16,436.5,593.94,2745.72,0.0883,4800.0,home_improvement,69,not_verified,mobile,18,1,0,pass,pass,54,4,0.8565,1,0,0,full,0,0,0,1,1,0,0,0,0,0,0,0,763,0,2,Indeterminate,0
ACC-10006261,CUS-20006261,Ava Evans,219 Kingfisher Way,EH9 2JR,1986-07-05,37,2023-08-29,part_time,45,managerial,homeowner_mortgage,57,2,1,44900.0,2939.23,129.9,1272.84,1536.49,0.0347,4000.0,debt_consolidation,58,verified,web,12,3,0,pass,pass,216,9,0.6528,3,0,0,full,0,0,0,0,0,0,0,0,0,0,1,0,730,0,1,Indeterminate,0
ACC-10006270,CUS-20006270,Priya Khan,232 Willow Drive,S28 3TS,2004-01-10,19,2023-11-21,employed,65,manual,homeowner_mortgage,81,7,1,24600.0,1640.58,613.5,826.09,200.99,0.2993,12400.0,home_improvement,56,verified,telephone,19,3,0,pass,refer,10,5,0.569,3,0,1,full,0,0,0,0,0,0,0,1,0,0,0,0,712,0,1,Indeterminate,0
ACC-10006281,CUS-20006281,Theo Patel,11 Meadow Close,B5 1GE,1972-04-01,51,2023-07-25,unemployed,53,manual,social_tenant,66,2,1,9500.0,591.92,308.91,963.3,-680.29,0.3902,6400.0,other,46,verified,mobile,12,0,0,pass,pass,122,4,0.5851,0,0,2,full,0,0,0,0,0,0,1,1,0,0,0,0,865,0,2,Indeterminate,0
ACC-10006308,CUS-20006308,Noah Hughes,21 Kingfisher Way,SO2 6EQ,1995-04-14,29,2024-08-13,part_time,74,professional,living_with_family,136,4,0,29700.0,1788.71,145.82,890.36,752.53,0.0589,3800.0,car,17,partially_verified,mobile,7,1,1,pass,pass,53,4,0.6573,1,0,0,full,0,0,0,0,0,0,0,0,0,0,0,1,836,0,1,Indeterminate,0
ACC-10006362,CUS-20006362,Maya Bennett,5 Victoria Road,NR13 1VY,1982-10-18,40,2023-04-05,employed,33,not_working,homeowner_mortgage,124,1,1,18400.0,1233.41,236.42,1196.16,-199.17,0.1542,19100.0,car,16,verified,mobile,10,0,0,pass,pass,232,3,0.4161,0,0,1,none,0,0,0,0,0,0,1,0,0,1,0,0,752,0,2,Indeterminate,0
ACC-10006411,CUS-20006411,Leo Wilson,164 Willow Drive,CF29 4HH,1998-01-20,26,2024-11-11,part_time,98,managerial,living_with_family,117,2,0,37000.0,2410.88,242.56,651.32,1517.0,0.0787,2700.0,debt_consolidation,113,not_verified,mobile,6,0,0,pass,pass,41,1,0.3232,0,0,0,full,0,0,0,0,0,0,0,1,0,0,0,0,883,0,1,Indeterminate,0
ACC-10006479,CUS-20006479,Aisha Khan,1 Church Street,RG10 8BL,1977-09-29,45,2023-06-17,unemployed,0,professional,private_tenant,99,3,2,17300.0,1179.89,233.01,1071.6,-124.72,0.1616,2700.0,major_purchase,38,not_verified,web,5,0,0,pass,pass,241,7,0.3152,0,0,0,full,0,0,0,0,0,0,0,1,0,0,1,0,879,0,2,Indeterminate,0
ACC-10006595,CUS-20006595,Priya Jones,120 Station Lane,SO29 2AV,1971-06-04,51,2023-02-03,employed,91,administrative,social_tenant,13,2,0,19000.0,1167.01,20.0,1054.49,92.52,0.0126,22800.0,car,42,verified,branch,11,0,0,pass,pass,248,6,0.6371,0,1,1,full,0,0,0,0,0,0,0,0,0,0,1,0,756,0,1,Indeterminate,0
ACC-10006607,CUS-20006607,Amelia Wilson,62 Kingfisher Way,L21 9UT,1962-03-26,60,2023-03-11,part_time,17,not_working,private_tenant,12,3,0,23000.0,1505.42,219.2,180.0,1106.22,0.1144,3200.0,home_improvement,81,verified,mobile,9,1,1,pass,pass,428,3,0.1824,1,1,1,full,1,0,1,0,0,0,0,0,0,0,0,0,779,0,2,Indeterminate,0
ACC-10006715,CUS-20006715,Isla Clarke,39 Meadow Close,NG27 6TL,1976-11-06,46,2023-05-07,employed,36,managerial,social_tenant,22,2,0,59500.0,3683.02,180.36,699.9,2802.76,0.0364,14000.0,home_improvement,83,verified,web,19,0,0,pass,pass,144,3,0.4527,0,1,1,full,1,0,0,0,0,0,0,0,0,0,0,0,777,0,1,Indeterminate,0
ACC-10006720,CUS-20006720,Jack Clarke,198 Willow Drive,LS19 4NP,1975-07-14,47,2023-05-20,employed,36,administrative,private_tenant,51,5,1,15500.0,950.76,473.38,577.08,-99.7,0.3665,16400.0,car,83,verified,web,11,1,0,pass,pass,262,11,0.5689,1,0,0,full,1,0,1,0,0,0,0,0,0,0,0,0,789,0,2,Indeterminate,0
ACC-10006721,CUS-20006721,George Khan,180 Oak Road,B4 6QU,1968-02-22,56,2024-07-28,retired,27,skilled,private_tenant,104,1,1,27400.0,1738.98,1556.26,809.04,-626.32,0.6816,5100.0,home_improvement,184,verified,mobile,17,0,0,pass,pass,246,3,0.4698,0,0,0,full,0,0,0,0,0,0,0,0,0,0,0,1,798,0,1,Indeterminate,0
ACC-10006777,CUS-20006777,Oliver Foster,146 Willow Drive,NG6 1YH,1997-10-06,26,2024-07-10,part_time,52,skilled,homeowner_mortgage,79,2,0,30900.0,2019.93,474.13,715.12,830.68,0.1841,11300.0,home_improvement,84,verified,mobile,16,1,0,pass,pass,90,4,0.1864,1,0,1,full,0,0,0,0,0,0,0,1,0,0,0,0,878,0,1,Indeterminate,0
ACC-10006855,CUS-20006855,Priya Green,148 Church Street,L7 3RN,1986-01-13,38,2024-09-20,employed,36,skilled,private_tenant,48,1,1,24600.0,1586.3,363.89,746.5,475.91,0.1775,9300.0,car,115,verified,web,1,2,0,pass,pass,125,4,0.1351,2,0,1,full,0,0,0,0,0,1,0,0,0,0,0,0,877,0,1,Indeterminate,0
ACC-10006998,CUS-20006998,Adam Roberts,232 Meadow Close,OX20 5XN,1980-03-18,44,2024-09-17,self_employed,81,professional,private_tenant,60,2,0,25800.0,1615.68,20.0,765.87,829.81,0.0093,14100.0,debt_consolidation,104,verified,web,2,0,0,pass,pass,240,3,0.6386,0,0,0,full,0,0,0,0,0,0,0,1,1,0,0,0,819,0,2,Indeterminate,0
ACC-10007045,CUS-20007045,Priya Jones,120 Mill View,NG24 7UV,1991-03-07,33,2024-06-24,employed,67,not_working,private_tenant,125,1,1,36800.0,2252.54,431.96,836.48,984.1,0.1409,4100.0,car,79,verified,mobile,11,1,0,pass,pass,109,2,0.3453,1,0,0,full,0,0,0,0,0,1,0,0,0,0,0,0,865,0,1,Indeterminate,0
ACC-10007079,CUS-20007079,Noah Green,119 Station Lane,BS2 7GS,1960-01-02,64,2024-07-18,part_time,56,skilled,private_tenant,67,3,0,21600.0,1392.3,318.68,730.8,342.82,0.177,12000.0,home_improvement,63,verified,web,1,1,0,pass,pass,280,3,0.5035,1,0,0,partial,0,0,0,0,0,0,0,1,0,0,1,0,855,0,2,Indeterminate,0
ACC-10007095,CUS-20007095,Ava Shah,86 Oak Road,M26 6AU,1991-04-19,31,2023-01-20,employed,22,professional,homeowner_outright,28,3,0,61100.0,3982.45,976.58,63.43,2942.44,0.1918,7900.0,debt_consolidation,36,verified,web,7,3,0,pass,pass,101,4,0.4677,3,0,1,full,0,0,0,0,0,0,1,0,0,0,0,0,811,0,1,Indeterminate,0
ACC-10007105,CUS-20007105,Noah Jones,9 Station Lane,RG14 2GA,1960-06-11,62,2023-02-25,self_employed,29,managerial,private_tenant,63,1,0,25900.0,1732.15,202.51,180.0,1349.64,0.0938,3800.0,debt_consolidation,78,verified,web,3,0,0,pass,pass,297,5,0.8712,0,0,1,full,0,0,0,0,1,0,0,0,0,1,0,0,774,0,2,Indeterminate,0
ACC-10007167,CUS-20007167,Freya Davies,115 Mill View,B22 2XQ,1964-01-24,60,2024-04-16,employed,31,professional,homeowner_mortgage,94,2,1,23900.0,1516.8,668.19,1060.6,-211.99,0.3355,14900.0,major_purchase,51,verified,web,0,1,0,pass,pass,281,3,0.2198,1,0,1,partial,0,0,0,0,0,0,0,0,1,0,0,0,817,0,1,Indeterminate,0
ACC-10007176,CUS-20007176,Leo Wilson,169 Station Lane,BS16 5AQ,1967-08-30,55,2023-01-18,employed,28,administrative,private_tenant,68,5,1,32300.0,2120.74,142.38,738.61,1239.75,0.0529,7700.0,major_purchase,63,verified,mobile,19,3,0,fail,pass,296,5,0.2686,3,0,0,none,0,0,0,0,0,0,0,0,0,1,0,0,768,0,1,Indeterminate,0
ACC-10007221,CUS-20007221,Priya Lewis,227 Mill View,G11 7GG,1989-01-27,34,2023-12-13,employed,111,professional,private_tenant,153,1,1,54100.0,3360.04,131.66,661.2,2567.18,0.0292,15400.0,major_purchase,38,verified,mobile,6,1,1,pass,pass,66,3,0.1552,1,1,1,full,0,0,0,0,0,0,0,1,0,0,0,0,830,0,1,Indeterminate,0
ACC-10007337,CUS-20007337,Jack Lewis,33 Oak Road,G28 7EJ,1960-09-21,63,2024-08-01,employed,27,managerial,living_with_family,20,3,1,16800.0,1048.91,252.19,574.52,222.2,0.1801,11000.0,major_purchase,179,verified,mobile,14,3,1,pass,pass,252,6,0.2953,3,0,1,partial,1,0,0,0,0,0,0,0,0,0,0,0,779,0,1,Indeterminate,0
ACC-10007368,CUS-20007368,Freya Jones,125 Park Avenue,LS6 7UD,1976-02-07,47,2023-11-09,employed,30,administrative,living_with_family,153,3,1,22600.0,1422.75,115.37,498.77,808.61,0.0613,2200.0,car,57,verified,mobile,9,2,1,refer,pass,319,2,0.5663,2,0,0,full,0,0,0,0,0,0,0,0,1,0,0,0,808,0,1,Indeterminate,0
ACC-10007418,CUS-20007418,Aisha Clarke,113 Church Street,PL14 6PR,2004-08-27,18,2023-05-30,employed,38,manual,private_tenant,8,2,0,37200.0,2466.13,556.6,506.54,1402.99,0.1795,14500.0,major_purchase,97,verified,mobile,4,2,0,pass,pass,0,5,0.7166,2,0,1,full,0,1,0,0,0,0,0,0,0,0,0,0,721,0,1,Indeterminate,0
ACC-10007437,CUS-20007437,Oliver Davies,43 Station Lane,CF21 6NJ,1992-03-07,32,2024-12-23,part_time,42,not_working,social_tenant,205,3,0,19900.0,1260.71,214.02,450.88,595.81,0.1291,5400.0,major_purchase,63,verified,web,13,1,1,pass,pass,162,2,0.3663,1,0,0,full,0,0,1,0,0,0,1,0,0,0,0,0,855,0,2,Indeterminate,0
ACC-10007469,CUS-20007469,Jack Taylor,85 Station Lane,L12 6LU,1961-08-18,61,2023-02-02,employed,41,service,homeowner_outright,64,4,2,27300.0,1798.16,1529.43,133.67,135.06,0.6723,5400.0,debt_consolidation,129,verified,branch,11,0,0,pass,pass,336,4,0.3787,0,0,0,partial,0,0,0,0,0,0,0,0,1,1,0,0,890,0,2,Indeterminate,0
ACC-10007666,CUS-20007666,Ava Lewis,147 Victoria Road,L19 6XX,1972-04-28,51,2023-11-28,part_time,175,skilled,living_with_family,28,2,1,53600.0,3582.97,842.74,903.06,1837.17,0.1887,4400.0,major_purchase,65,verified,web,15,0,1,pass,pass,314,2,0.3464,0,0,0,full,0,0,0,0,0,0,0,0,0,0,1,0,890,0,1,Indeterminate,0
ACC-10007712,CUS-20007712,Oliver Morgan,227 Station Lane,EH23 2AA,1978-11-30,44,2023-09-03,employed,49,managerial,homeowner_mortgage,4,3,0,13500.0,904.53,217.47,1094.27,-407.21,0.1933,5000.0,home_improvement,35,verified,web,4,1,1,pass,pass,257,5,0.3697,1,0,0,partial,0,1,0,0,0,0,0,0,0,1,0,0,726,0,2,Indeterminate,0
ACC-10007792,CUS-20007792,Daniel Hughes,102 Park Avenue,NE25 1QG,1965-01-20,58,2023-06-20,part_time,48,professional,homeowner_mortgage,119,1,1,34400.0,2130.49,397.35,1027.38,705.76,0.1386,7700.0,major_purchase,44,verified,web,11,2,1,pass,pass,378,4,0.4244,2,0,0,full,1,0,0,0,0,0,0,0,0,0,0,0,807,0,1,Indeterminate,0
ACC-10007793,CUS-20007793,Oliver Foster,245 Mill View,S14 8WU,1994-08-30,29,2024-05-17,self_employed,24,administrative,private_tenant,42,1,0,54200.0,3415.63,224.17,769.21,2422.25,0.0496,4500.0,major_purchase,102,not_verified,web,10,4,1,pass,pass,95,4,0.4003,4,1,1,full,0,0,0,0,0,0,0,0,1,0,0,0,700,0,1,Indeterminate,0
ACC-10007811,CUS-20007811,Freya Shah,44 Station Lane,EH6 4SR,1967-02-07,57,2024-04-23,employed,21,manual,homeowner_outright,80,4,1,58700.0,3874.65,229.17,54.22,3591.26,0.0468,6700.0,home_improvement,133,verified,mobile,9,3,0,pass,pass,295,4,0.1945,3,0,0,full,0,0,0,0,0,1,0,0,0,0,1,0,836,0,2,Indeterminate,0
ACC-10007852,CUS-20007852,Jack Morgan,178 Victoria Road,NR15 1VG,1986-08-17,36,2023-02-08,employed,144,professional,social_tenant,16,2,0,33700.0,2060.0,257.79,692.72,1109.49,0.0918,5500.0,debt_consolidation,37,verified,web,23,2,0,pass,pass,156,4,0.5024,2,0,0,full,0,0,0,0,1,0,0,0,1,0,0,0,770,0,2,Indeterminate,0
ACC-10007858,CUS-20007858,Leo Bennett,103 Meadow Close,L10 6HT,1970-02-24,54,2024-09-08,self_employed,24,administrative,homeowner_mortgage,3,3,2,13700.0,860.19,133.52,1116.78,-390.11,0.117,18300.0,home_improvement,22,verified,web,22,0,0,pass,pass,151,7,0.2676,0,0,0,full,0,0,0,1,0,0,1,0,0,0,0,0,880,0,2,Indeterminate,0
ACC-10007882,CUS-20007882,Sofia Foster,215 Oak Road,EH16 3JN,1972-08-06,50,2023-04-11,employed,26,skilled,homeowner_mortgage,82,3,0,31200.0,1937.12,199.74,868.28,869.1,0.0768,7700.0,major_purchase,59,verified,mobile,23,1,0,pass,pass,323,3,0.4736,1,0,0,full,0,0,0,0,1,1,0,0,0,0,0,0,809,0,2,Indeterminate,0
ACC-10007908,CUS-20007908,Priya Taylor,239 Oak Road,RG5 1YE,1980-01-12,43,2023-11-05,employed,6,skilled,homeowner_mortgage,192,2,0,38700.0,2570.57,129.62,573.13,1867.82,0.0402,6500.0,debt_consolidation,155,verified,telephone,16,0,0,pass,pass,120,7,0.5171,0,0,3,full,1,0,0,0,0,1,0,0,0,0,0,0,829,0,2,Indeterminate,0
ACC-10007979,CUS-20007979,Sofia Morgan,126 Willow Drive,NE13 9DQ,1968-09-20,56,2024-12-07,employed,145,not_working,homeowner_mortgage,143,2,0,53700.0,3426.72,377.7,474.5,2574.52,0.0844,8200.0,car,27,verified,mobile,17,2,1,pass,pass,303,2,0.3015,2,1,1,full,0,0,0,1,0,0,0,0,0,0,0,0,661,0,1,Indeterminate,0
ACC-10007998,CUS-20007998,Oliver Foster,142 Willow Drive,CF17 7QW,1988-10-22,34,2023-10-05,employed,44,skilled,private_tenant,118,2,0,18500.0,1182.01,692.87,1034.11,-544.97,0.4494,9600.0,major_purchase,151,verified,web,14,0,1,pass,pass,124,2,0.657,0,0,1,full,0,0,0,1,0,0,0,0,0,0,1,0,793,0,2,Indeterminate,0
ACC-10008052,CUS-20008052,Jack Green,155 Mill View,NR22 1GW,1979-05-07,44,2023-06-23,employed,46,skilled,living_with_family,70,2,0,12500.0,786.11,793.72,1337.09,-1344.7,0.762,4500.0,car,25,verified,web,8,2,0,pass,pass,135,3,0.669,2,0,0,full,0,0,0,0,0,0,0,0,1,0,0,0,836,0,1,Indeterminate,0
ACC-10008274,CUS-20008274,Daniel Roberts,87 Victoria Road,OX6 4QN,1994-10-02,29,2024-05-27,part_time,64,administrative,homeowner_mortgage,63,4,0,20400.0,1364.8,224.72,280.38,859.7,0.1322,4300.0,debt_consolidation,67,partially_verified,web,5,3,0,pass,pass,44,1,0.6657,3,1,1,full,0,0,1,0,0,0,0,0,1,0,0,0,649,0,2,Indeterminate,0
ACC-10008384,CUS-20008384,Amelia Khan,175 Church Street,NR6 4SP,2006-07-20,18,2024-09-06,employed,86,skilled,homeowner_outright,78,2,0,120000.0,7634.93,367.57,51.59,7215.77,0.0368,4300.0,debt_consolidation,33,verified,web,20,0,1,pass,pass,0,6,0.6758,0,0,0,full,0,0,1,0,0,0,0,0,0,0,1,0,824,0,2,Indeterminate,0
ACC-10008575,CUS-20008575,Freya Davies,145 Kingfisher Way,CF29 8BL,1989-08-09,35,2024-12-03,employed,126,manual,private_tenant,30,1,0,65500.0,4108.58,204.84,1210.8,2692.94,0.0375,7300.0,education,89,verified,branch,23,2,0,pass,pass,117,1,0.4184,2,0,1,partial,0,0,1,1,0,0,0,0,0,0,0,0,769,0,2,Indeterminate,0
ACC-10008635,CUS-20008635,Adam Hughes,5 Mill View,NR13 1UJ,1983-05-31,41,2024-09-04,self_employed,164,manual,living_with_family,79,4,0,39200.0,2491.71,519.55,1154.49,817.67,0.159,2700.0,debt_consolidation,59,verified,web,6,3,0,pass,pass,176,6,0.0706,3,0,0,full,0,0,0,1,0,0,0,1,0,0,0,0,855,0,2,Indeterminate,0
ACC-10008659,CUS-20008659,Theo Lewis,74 Church Street,L22 5DH,1983-09-10,39,2023-05-02,part_time,99,not_working,private_tenant,131,1,2,27000.0,1662.74,150.34,641.35,871.05,0.0668,13600.0,home_improvement,49,verified,telephone,18,2,0,pass,pass,232,3,0.368,2,0,1,full,0,0,0,0,0,0,0,0,1,1,0,0,885,0,2,Indeterminate,0
ACC-10008759,CUS-20008759,Priya Lewis,105 Victoria Road,SO9 1FN,1977-09-29,46,2024-04-08,employed,71,administrative,private_tenant,93,1,0,18200.0,1158.06,464.98,919.33,-226.25,0.3066,3800.0,debt_consolidation,89,verified,mobile,16,0,1,pass,pass,257,5,0.12,0,0,0,full,0,1,0,0,0,0,0,0,0,0,0,1,918,0,2,Indeterminate,0
ACC-10008831,CUS-20008831,Daniel Morgan,101 Meadow Close,RG18 7LR,1950-03-31,74,2024-09-15,employed,67,service,homeowner_outright,64,4,1,66200.0,4416.99,290.52,57.83,4068.64,0.0527,5000.0,debt_consolidation,63,verified,mobile,12,2,1,pass,pass,351,2,0.3924,2,0,0,full,1,0,0,0,1,0,0,0,0,0,0,0,747,0,2,Indeterminate,0
ACC-10008835,CUS-20008835,Adam Shah,232 Church Street,RG29 9UQ,1972-08-12,51,2024-05-01,retired,37,professional,social_tenant,35,1,2,16400.0,1052.39,936.38,729.81,-613.8,0.6852,9100.0,home_improvement,65,not_verified,mobile,19,1,1,pass,pass,131,1,0.3318,1,0,0,full,0,0,0,1,0,0,0,0,1,0,0,0,844,0,2,Indeterminate,0
ACC-10008879,CUS-20008879,Freya Evans,237 Oak Road,B5 1UV,1977-02-02,46,2023-05-05,employed,80,skilled,private_tenant,43,3,0,44500.0,2737.74,509.08,672.52,1556.14,0.1373,6200.0,home_improvement,53,verified,web,11,3,0,pass,pass,334,6,0.7681,3,1,2,full,0,1,0,0,0,0,0,0,1,0,0,0,618,0,2,Indeterminate,0
ACC-10008906,CUS-20008906,Sofia Roberts,128 Church Street,SO4 4NX,2005-07-28,19,2024-07-30,employed,90,not_working,homeowner_mortgage,53,1,0,19600.0,1259.3,458.74,752.69,47.87,0.2809,3700.0,home_improvement,86,partially_verified,mobile,3,3,0,refer,pass,11,0,0.6372,3,0,0,full,0,0,0,0,0,0,0,1,0,0,0,0,753,0,1,Indeterminate,0
ACC-10008945,CUS-20008945,Leo Clarke,156 Oak Road,CF18 3GE,1974-04-02,49,2023-05-16,part_time,105,professional,private_tenant,65,1,0,16800.0,1041.79,184.49,746.58,110.72,0.1318,3200.0,car,39,partially_verified,telephone,0,1,1,pass,pass,159,7,0.3394,1,0,1,full,0,0,0,0,0,0,0,0,0,0,1,0,802,0,1,Indeterminate,0
ACC-10009177,CUS-20009177,Maya Shah,155 Victoria Road,L9 9DL,1982-05-06,40,2023-04-20,employed,49,not_working,living_with_family,74,3,0,39600.0,2457.08,307.31,441.06,1708.71,0.0931,6700.0,debt_consolidation,28,verified,web,5,3,0,pass,pass,160,3,0.7386,3,0,0,full,0,0,0,0,0,0,0,0,0,0,1,1,691,0,2,Indeterminate,0
ACC-10009179,CUS-20009179,Aisha Hughes,189 Kingfisher Way,L1 4AW,1984-10-29,39,2024-10-06,employed,128,managerial,private_tenant,99,2,0,24100.0,1456.65,91.71,260.47,1104.47,0.0457,2300.0,debt_consolidation,71,not_verified,mobile,17,3,0,pass,pass,158,3,0.3965,3,0,0,full,0,0,0,0,0,0,0,0,1,0,1,0,816,0,2,Indeterminate,0
ACC-10009285,CUS-20009285,Ava Jones,31 Kingfisher Way,M14 2AU,1987-03-27,37,2024-06-15,employed,9,service,social_tenant,182,2,0,48800.0,3091.57,182.56,833.38,2075.63,0.0449,3900.0,car,48,partially_verified,mobile,18,0,1,pass,refer,125,5,0.7538,0,0,0,none,0,0,0,0,0,0,1,0,0,0,0,0,747,0,1,Indeterminate,0
ACC-10009295,CUS-20009295,George Taylor,170 Mill View,L13 1TL,1993-02-12,31,2024-09-17,employed,79,service,homeowner_mortgage,44,5,1,23000.0,1432.47,1083.95,684.93,-336.41,0.5655,2500.0,other,127,verified,web,3,2,0,pass,pass,94,1,0.3406,2,0,0,full,0,0,0,1,0,0,0,0,0,0,0,0,831,0,1,Indeterminate,0
ACC-10009343,CUS-20009343,Sofia Clarke,195 Mill View,EH1 9YL,1969-04-09,54,2023-06-09,employed,110,managerial,social_tenant,28,6,1,15400.0,948.9,159.82,837.28,-48.2,0.1245,8100.0,car,67,verified,mobile,19,2,0,pass,pass,406,3,0.1795,2,0,1,partial,0,0,0,1,0,0,0,0,0,0,0,0,818,0,1,Indeterminate,0
ACC-10009372,CUS-20009372,Freya Davies,151 Mill View,PL28 3QY,1981-03-13,42,2023-05-28,employed,15,professional,homeowner_mortgage,120,2,1,49600.0,3322.28,366.5,888.27,2067.51,0.0887,17200.0,debt_consolidation,143,verified,web,0,1,1,pass,pass,112,4,0.4291,1,0,1,full,0,0,0,0,0,0,1,1,0,0,0,0,857,0,2,Indeterminate,0
ACC-10009416,CUS-20009416,George Patel,182 Meadow Close,L3 1GJ,1997-05-30,25,2023-04-26,employed,83,not_working,homeowner_mortgage,45,2,0,53300.0,3261.98,1149.66,347.72,1764.6,0.2588,12100.0,major_purchase,10,verified,web,4,1,0,pass,pass,62,3,0.0932,1,0,0,full,1,0,0,0,0,0,0,0,0,0,0,0,921,0,1,Indeterminate,0
ACC-10009452,CUS-20009452,Oliver Morgan,9 Victoria Road,LS11 2LN,1979-07-18,44,2023-09-12,employed,87,service,private_tenant,73,1,0,53600.0,3343.59,183.12,909.78,2250.69,0.041,9800.0,home_improvement,27,verified,mobile,2,0,0,pass,pass,147,5,0.6024,0,1,1,full,0,0,0,1,0,0,0,0,0,0,0,0,763,0,1,Indeterminate,0
ACC-10009547,CUS-20009547,Sofia Green,47 Highfield Gardens,EH2 7UY,1991-08-04,31,2023-04-05,employed,37,manual,homeowner_mortgage,22,5,0,23500.0,1487.32,56.24,342.28,1088.8,0.0287,2000.0,debt_consolidation,78,verified,branch,13,2,0,pass,refer,106,1,0.506,2,0,1,full,0,0,0,0,0,1,0,0,0,0,0,0,771,0,1,Indeterminate,0
ACC-10009645,CUS-20009645,Isla Patel,87 Meadow Close,OX12 6RB,1999-05-06,24,2023-11-03,part_time,86,not_working,homeowner_outright,59,3,1,57100.0,3523.47,218.52,96.89,3208.06,0.0459,10800.0,debt_consolidation,31,partially_verified,mobile,20,2,0,pass,pass,31,4,0.7679,2,0,1,partial,0,0,0,0,0,0,0,0,1,0,0,0,710,0,1,Indeterminate,0
ACC-10009663,CUS-20009663,Aisha Davies,136 Meadow Close,B21 6HA,1968-05-18,55,2024-04-26,employed,89,administrative,living_with_family,69,4,2,20900.0,1373.02,100.8,652.57,619.65,0.0579,3300.0,home_improvement,49,verified,mobile,17,0,1,pass,pass,141,2,0.2752,0,0,0,full,0,0,0,0,0,0,1,0,0,0,0,0,826,0,1,Indeterminate,0
ACC-10009671,CUS-20009671,Leo Lewis,37 Kingfisher Way,NR20 3UH,1968-11-05,54,2023-06-13,employed,18,managerial,private_tenant,60,3,1,50900.0,3281.41,248.26,1250.03,1783.12,0.0585,21000.0,car,54,verified,web,22,2,0,pass,pass,354,5,0.4069,2,1,1,full,0,0,1,0,0,0,0,0,0,0,0,0,795,0,1,Indeterminate,0
ACC-10009742,CUS-20009742,Daniel Bennett,217 Kingfisher Way,NR13 3TX,2005-06-02,18,2023-07-28,employed,93,professional,homeowner_mortgage,55,3,0,26700.0,1744.56,508.78,1097.78,138.0,0.2287,4500.0,debt_consolidation,73,verified,web,0,0,0,pass,pass,0,0,0.0379,0,0,0,full,0,0,0,0,0,1,0,0,0,0,0,0,999,0,1,Indeterminate,0
ACC-10009769,CUS-20009769,Ava Taylor,164 Station Lane,B17 2RG,1977-05-23,45,2023-04-25,employed,39,manual,private_tenant,121,2,0,23200.0,1573.23,74.85,887.7,610.68,0.0387,2600.0,debt_consolidation,81,verified,mobile,7,0,0,pass,pass,286,2,0.5714,0,0,0,partial,0,0,0,0,0,1,1,0,0,0,0,0,825,0,2,Indeterminate,0
ACC-10009774,CUS-20009774,Daniel Clarke,81 Victoria Road,EH21 8RN,1975-05-20,48,2023-10-22,employed,57,skilled,living_with_family,76,1,0,23300.0,1402.72,187.08,1477.03,-261.39,0.0964,7300.0,car,123,verified,web,18,1,0,pass,pass,264,4,0.4025,1,0,0,full,0,0,0,0,1,0,0,0,0,0,1,0,831,0,2,Indeterminate,0
ACC-10009909,CUS-20009909,Sofia Khan,70 Meadow Close,NG25 7YS,1970-04-08,53,2023-09-17,employed,34,professional,private_tenant,24,1,2,36700.0,2261.77,183.41,425.81,1652.55,0.06,8100.0,car,27,verified,web,20,2,1,pass,pass,403,3,0.1121,2,0,0,full,0,0,0,1,0,0,0,0,1,0,0,0,919,0,2,Indeterminate,0
ACC-10009938,CUS-20009938,Oliver Clarke,65 Mill View,RG12 3AG,1978-08-14,45,2023-09-20,self_employed,49,manual,living_with_family,60,4,1,23300.0,1480.02,275.11,1044.4,160.51,0.1417,11500.0,car,100,verified,mobile,5,3,0,pass,pass,174,2,0.1958,3,0,0,partial,0,0,0,0,0,1,0,1,0,0,0,0,871,0,2,Indeterminate,0
ACC-10009949,CUS-20009949,Leo Hughes,140 Church Street,NG13 8SE,1980-08-18,43,2023-09-27,employed,65,administrative,homeowner_mortgage,142,3,0,29300.0,1934.02,343.16,698.85,892.01,0.1405,6800.0,debt_consolidation,80,not_verified,web,8,1,1,pass,pass,127,1,0.3628,1,0,0,full,0,0,0,0,0,0,1,1,0,0,0,0,805,0,2,Indeterminate,0
ACC-10009986,CUS-20009986,Maya Davies,156 Kingfisher Way,NR20 1NG,1960-08-11,63,2024-04-23,employed,92,professional,private_tenant,91,2,0,27500.0,1638.43,351.69,1241.15,45.59,0.1535,2100.0,car,31,verified,mobile,17,1,0,pass,pass,335,4,0.7592,1,0,1,full,0,0,0,0,0,0,1,0,0,0,0,0,720,0,1,Indeterminate,0
