source_table,exception_reason,source_row_number,account_id,customer_id,customer_name,address_line_1,postcode,date_of_birth,age_at_application,application_date,employment_status,employment_tenure_months,occupation_group,residential_status,time_at_address_months,household_size,dependants,annual_gross_income,estimated_monthly_net_income,committed_monthly_outgoings,rent_or_mortgage,disposable_income,debt_to_income_ratio,requested_loan_amount,loan_purpose,bank_account_tenure_months,income_verification_result,application_channel,application_hour,recent_application_count,prior_customer_flag,device_verification_result,contact_verification_result,credit_history_months,active_credit_accounts,revolving_utilisation,recent_credit_searches,historic_defaults,historic_arrears,electoral_roll_match,missed_payment_m01,missed_payment_m02,missed_payment_m03,missed_payment_m04,missed_payment_m05,missed_payment_m06,missed_payment_m07,missed_payment_m08,missed_payment_m09,missed_payment_m10,missed_payment_m11,missed_payment_m12,DelphiScore
applications,invalid account_id format,40,acc 10000038,CUS-20000038,Priya Roberts,167 Willow Drive,EH24 3XJ,1989-01-27,34.0,2023-05-01,employed,92.0,professional,private_tenant,85.0,3.0,4.0,40100.0,2503.12,282.64,1004.13,1216.35,0.0846,5700.0,car,78.0,verified,mobile,4.0,2.0,1.0,pass,pass,152.0,4.0,0.3798,2.0,0.0,0.0,partial,,,,,,,,,,,,,
applications,no exact match in performance_12m,134,ACC-10000133,CUS-20000133,Priya Lewis,170 Kingfisher Way,B23 2EP,1986-09-22,36.0,2023-04-10,employed,44.0,skilled,homeowner_mortgage,51.0,1.0,1.0,29400.0,1781.26,192.89,833.62,754.75,0.0787,10100.0,debt_consolidation,63.0,verified,branch,23.0,4.0,0.0,pass,pass,155.0,2.0,0.1026,4.0,1.0,1.0,full,,,,,,,,,,,,,
applications,duplicate account_id,152,ACC-10000151,CUS-20000151,Aisha Wilson,221 Station Lane,NE24 6SJ,2000-02-13,24.0,2024-07-10,employed,60.0,service,homeowner_mortgage,47.0,3.0,1.0,59000.0,3831.82,157.3,241.26,3433.26,0.032,6600.0,car,54.0,verified,branch,20.0,1.0,0.0,pass,pass,33.0,2.0,0.1788,1.0,0.0,1.0,full,,,,,,,,,,,,,
applications,no exact match in performance_12m,172,ACC-10000171,CUS-20000171,Oliver Bennett,56 Meadow Close,EH8 9UD,1978-11-03,45.0,2024-03-17,employed,14.0,skilled,private_tenant,14.0,1.0,1.0,40300.0,2590.99,205.16,889.34,1496.49,0.0611,4800.0,car,148.0,verified,mobile,12.0,0.0,0.0,pass,pass,261.0,2.0,0.2804,0.0,0.0,0.0,full,,,,,,,,,,,,,
applications,no exact match in performance_12m,247,ACC-10000246,CUS-20000246,Leo Roberts,21 Kingfisher Way,OX24 8PU,1975-10-15,47.0,2023-09-28,self_employed,98.0,professional,homeowner_mortgage,110.0,2.0,1.0,18000.0,1196.11,84.21,498.77,613.13,0.0561,6000.0,debt_consolidation,44.0,verified,branch,15.0,0.0,0.0,pass,pass,293.0,3.0,0.3074,0.0,0.0,0.0,full,,,,,,,,,,,,,
applications,no exact match in performance_12m,469,ACC-10000468,CUS-20000468,Jack Khan,200 Station Lane,LS22 8FQ,1961-08-16,62.0,2024-04-05,employed,73.0,professional,living_with_family,107.0,5.0,1.0,23300.0,1446.12,848.18,787.63,-189.69,0.4368,3300.0,debt_consolidation,58.0,verified,mobile,4.0,2.0,0.0,pass,pass,347.0,3.0,0.229,2.0,0.0,0.0,full,,,,,,,,,,,,,
applications,duplicate account_id,517,ACC-10000516,CUS-20000516,Sofia Wilson,140 Willow Drive,EH9 6SX,1977-11-02,45.0,2023-02-09,employed,17.0,managerial,homeowner_mortgage,34.0,1.0,1.0,32600.0,2044.99,521.4,1226.36,297.23,0.1919,3500.0,car,35.0,verified,web,4.0,0.0,0.0,pass,pass,211.0,3.0,0.6056,0.0,0.0,0.0,full,,,,,,,,,,,,,
applications,no exact match in performance_12m,542,ACC-10000541,CUS-20000541,Freya Bennett,148 Park Avenue,NR20 4RD,1978-08-06,44.0,2023-03-23,employed,116.0,skilled,homeowner_outright,30.0,3.0,2.0,23300.0,1443.09,90.54,162.54,1190.01,0.0466,8900.0,debt_consolidation,70.0,verified,branch,21.0,3.0,0.0,fail,pass,303.0,4.0,0.4331,3.0,0.0,0.0,full,,,,,,,,,,,,,
applications,no exact match in performance_12m,586,ACC-10000586,CUS-20000586,Daniel Patel,185 Mill View,NG28 5VT,1947-11-25,75.0,2023-07-17,employed,84.0,skilled,private_tenant,33.0,1.0,0.0,22400.0,1433.5,348.25,875.91,209.34,0.1866,4600.0,car,89.0,verified,mobile,11.0,1.0,1.0,pass,pass,500.0,5.0,0.3542,1.0,0.0,0.0,full,,,,,,,,,,,,,
applications,invalid account_id format,704,acc 10000706,CUS-20000706,Maya Hughes,62 Willow Drive,L21 2NE,1984-12-12,39.0,2024-07-20,self_employed,184.0,not_working,homeowner_outright,42.0,4.0,1.0,22200.0,1362.98,155.76,21.21,1186.01,0.0842,10800.0,car,63.0,partially_verified,mobile,1.0,2.0,0.0,pass,refer,182.0,4.0,0.4794,2.0,0.0,0.0,full,,,,,,,,,,,,,
applications,invalid account_id format,865,acc 10000867,CUS-20000867,Freya Taylor,248 Church Street,L3 9XE,1971-11-03,52.0,2024-06-20,employed,41.0,manual,living_with_family,81.0,1.0,0.0,44700.0,2813.35,273.02,635.27,1905.06,0.0733,3800.0,car,99.0,verified,web,14.0,2.0,0.0,pass,refer,267.0,0.0,0.5721,2.0,0.0,1.0,full,,,,,,,,,,,,,
applications,no exact match in performance_12m,954,ACC-10000956,CUS-20000956,Leo Wilson,46 Park Avenue,NG11 9FT,1978-05-09,46.0,2024-08-07,part_time,68.0,manual,private_tenant,34.0,1.0,1.0,33900.0,2187.64,648.17,512.29,1027.18,0.2294,9000.0,car,15.0,verified,web,14.0,0.0,1.0,pass,refer,243.0,1.0,0.5821,0.0,0.0,0.0,full,,,,,,,,,,,,,
applications,duplicate account_id,985,ACC-10000987,CUS-20000987,Isla Taylor,208 Willow Drive,B5 7UU,1978-02-19,46.0,2024-10-15,employed,92.0,managerial,social_tenant,18.0,3.0,0.0,26900.0,1632.27,239.48,674.56,718.23,0.1068,6300.0,other,53.0,verified,mobile,21.0,1.0,1.0,pass,pass,184.0,1.0,0.8921,1.0,0.0,2.0,full,,,,,,,,,,,,,
applications,no exact match in performance_12m,1057,ACC-10001060,CUS-20001060,Isla Taylor,16 Meadow Close,NR6 8JY,1962-06-29,60.0,2023-06-07,employed,126.0,managerial,homeowner_mortgage,49.0,2.0,0.0,106500.0,6888.95,70.52,810.56,6007.87,0.0079,12800.0,major_purchase,45.0,verified,telephone,1.0,0.0,1.0,pass,pass,355.0,5.0,0.1091,0.0,0.0,0.0,full,,,,,,,,,,,,,
applications,no exact match in performance_12m,1381,ACC-10001386,CUS-20001386,Jack Morgan,119 Victoria Road,G19 1PV,1977-06-07,46.0,2023-12-22,unemployed,0.0,professional,homeowner_outright,23.0,2.0,1.0,12200.0,723.94,437.63,88.87,197.44,0.4305,3100.0,major_purchase,80.0,verified,mobile,7.0,0.0,0.0,pass,pass,327.0,4.0,0.2406,0.0,0.0,0.0,full,,,,,,,,,,,,,
applications,invalid account_id format,1444,acc 10001449,CUS-20001449,Adam Khan,111 Mill View,NR2 2AT,1963-02-25,60.0,2024-01-09,employed,34.0,service,homeowner_mortgage,38.0,3.0,0.0,16300.0,1052.81,281.94,1587.52,-816.65,0.2076,11200.0,car,59.0,partially_verified,mobile,10.0,2.0,0.0,pass,pass,406.0,4.0,0.2193,2.0,0.0,1.0,full,,,,,,,,,,,,,
applications,no exact match in performance_12m,1481,ACC-10001486,CUS-20001486,Jack Patel,30 Station Lane,OX2 7GB,1979-10-24,43.0,2023-01-21,employed,122.0,skilled,living_with_family,55.0,2.0,1.0,30500.0,1963.87,247.16,566.3,1150.41,0.0972,5000.0,major_purchase,102.0,verified,branch,9.0,2.0,0.0,refer,pass,269.0,2.0,0.0,2.0,1.0,1.0,full,,,,,,,,,,,,,
applications,invalid account_id format,1853,acc 10001859,CUS-20001859,Ava Taylor,13 Oak Road,L15 9QV,1986-03-24,37.0,2024-01-28,employed,93.0,administrative,homeowner_mortgage,103.0,4.0,3.0,30500.0,1978.45,526.14,1291.66,160.65,0.207,14000.0,debt_consolidation,64.0,verified,web,4.0,1.0,0.0,pass,pass,161.0,1.0,0.4734,1.0,0.0,0.0,full,,,,,,,,,,,,,
applications,no exact match in performance_12m,1963,ACC-10001970,CUS-20001970,Leo Roberts,77 Meadow Close,OX17 9TD,1989-01-25,35.0,2024-10-23,part_time,52.0,managerial,homeowner_mortgage,135.0,3.0,0.0,20400.0,1281.97,108.89,954.22,218.86,0.0641,8000.0,other,177.0,verified,web,3.0,1.0,0.0,pass,pass,78.0,3.0,0.7281,1.0,0.0,0.0,none,,,,,,,,,,,,,
applications,invalid account_id format,2053,acc 10002060,CUS-20002060,Ava Taylor,201 Willow Drive,BS18 5GF,1972-07-02,52.0,2024-07-19,retired,70.0,skilled,private_tenant,70.0,1.0,1.0,57200.0,3558.73,282.83,1337.83,1938.07,0.0593,26600.0,home_improvement,48.0,verified,web,2.0,1.0,1.0,pass,pass,232.0,3.0,0.7599,1.0,0.0,0.0,full,,,,,,,,,,,,,
applications,no exact match in performance_12m,2145,ACC-10002152,CUS-20002152,George Evans,209 Station Lane,NE19 5SJ,1986-02-24,38.0,2024-12-02,part_time,60.0,service,homeowner_outright,41.0,5.0,0.0,49900.0,2987.4,369.15,32.5,2585.75,0.0888,3200.0,car,66.0,verified,mobile,15.0,1.0,0.0,pass,pass,131.0,4.0,0.0753,1.0,0.0,0.0,full,,,,,,,,,,,,,
applications,invalid account_id format,2163,acc 10002170,CUS-20002170,Leo Foster,11 Mill View,G21 2WL,1970-09-15,53.0,2024-08-23,employed,27.0,not_working,private_tenant,8.0,3.0,1.0,23300.0,1451.31,641.83,1026.06,-216.58,0.3306,8600.0,home_improvement,56.0,verified,web,7.0,1.0,0.0,pass,fail,294.0,0.0,0.4338,1.0,0.0,0.0,full,,,,,,,,,,,,,
applications,no exact match in performance_12m,2176,ACC-10002183,CUS-20002183,Leo Green,189 Mill View,G19 9HQ,1962-03-29,62.0,2024-04-15,employed,78.0,manual,homeowner_mortgage,62.0,2.0,1.0,58900.0,3724.9,214.33,654.56,2856.01,0.0437,12400.0,car,134.0,verified,mobile,22.0,2.0,1.0,pass,pass,420.0,0.0,0.1103,2.0,0.0,1.0,full,,,,,,,,,,,,,
applications,no exact match in performance_12m,2195,ACC-10002202,CUS-20002202,Ava Evans,238 Station Lane,M7 6LR,1970-07-21,52.0,2023-04-12,employed,5.0,professional,homeowner_mortgage,63.0,4.0,1.0,22100.0,1371.61,42.32,885.17,444.12,0.023,3500.0,debt_consolidation,115.0,verified,web,22.0,4.0,1.0,refer,pass,186.0,1.0,0.0815,4.0,0.0,0.0,full,,,,,,,,,,,,,
applications,no exact match in performance_12m,2321,ACC-10002329,CUS-20002329,Oliver Clarke,205 Victoria Road,BS14 8PX,1971-06-08,51.0,2023-01-13,employed,57.0,not_working,social_tenant,28.0,2.0,0.0,38700.0,2331.57,444.34,409.42,1477.81,0.1378,3000.0,debt_consolidation,47.0,verified,web,21.0,0.0,1.0,refer,pass,159.0,5.0,0.3731,0.0,0.0,0.0,partial,,,,,,,,,,,,,
applications,no exact match in performance_12m,2446,ACC-10002454,CUS-20002454,Freya Hughes,22 Church Street,NG29 8LR,1983-03-13,41.0,2024-09-12,employed,66.0,managerial,private_tenant,71.0,1.0,1.0,79400.0,5123.68,94.78,856.2,4172.7,0.0143,21700.0,debt_consolidation,48.0,verified,web,12.0,1.0,0.0,pass,pass,133.0,2.0,0.2452,1.0,1.0,1.0,full,,,,,,,,,,,,,
applications,no exact match in performance_12m,2713,ACC-10002721,CUS-20002721,Ava Davies,237 Station Lane,M29 6JA,1963-10-21,59.0,2023-04-06,employed,56.0,skilled,homeowner_outright,45.0,2.0,3.0,25900.0,1678.45,468.07,105.94,1104.44,0.2169,5400.0,major_purchase,12.0,verified,web,6.0,1.0,1.0,pass,pass,422.0,3.0,0.2805,1.0,1.0,1.0,full,,,,,,,,,,,,,
applications,no exact match in performance_12m,2975,ACC-10002983,CUS-20002983,Leo Morgan,100 Oak Road,CF26 1HD,1986-08-01,36.0,2023-04-20,part_time,52.0,manual,homeowner_mortgage,55.0,6.0,1.0,100900.0,6402.27,133.67,1289.81,4978.79,0.0159,12200.0,education,89.0,partially_verified,web,8.0,2.0,0.0,pass,pass,67.0,6.0,0.0319,2.0,0.0,1.0,full,,,,,,,,,,,,,
applications,invalid account_id format,3671,acc 10003679,CUS-20003679,Aisha Khan,111 Park Avenue,CF27 2LX,1980-04-19,42.0,2023-03-14,retired,10.0,professional,homeowner_mortgage,28.0,3.0,2.0,64800.0,4116.06,876.68,789.45,2449.93,0.1623,3100.0,debt_consolidation,69.0,verified,web,14.0,1.0,0.0,pass,pass,115.0,8.0,0.0551,1.0,0.0,0.0,full,,,,,,,,,,,,,
applications,invalid account_id format,3857,acc 10003865,CUS-20003865,George Patel,203 Station Lane,BS25 9PT,1993-05-17,30.0,2024-01-18,employed,76.0,professional,private_tenant,42.0,2.0,0.0,30700.0,1957.07,218.98,1042.11,695.98,0.0856,7100.0,debt_consolidation,137.0,verified,branch,0.0,2.0,0.0,pass,pass,114.0,3.0,0.3833,2.0,0.0,0.0,full,,,,,,,,,,,,,
applications,duplicate account_id,3877,ACC-10003885,CUS-20003885,Daniel Hughes,64 Park Avenue,G7 2JH,1981-10-20,41.0,2023-01-14,employed,84.0,professional,social_tenant,42.0,2.0,1.0,28500.0,1726.57,252.79,1042.65,431.13,0.1064,3200.0,major_purchase,117.0,verified,mobile,20.0,3.0,0.0,pass,pass,242.0,3.0,0.447,3.0,0.0,0.0,full,,,,,,,,,,,,,
applications,no exact match in performance_12m,3880,ACC-10003888,CUS-20003888,Aisha Khan,74 Meadow Close,G13 7JH,1976-02-22,47.0,2024-01-07,retired,64.0,managerial,homeowner_mortgage,46.0,2.0,1.0,52600.0,3309.69,126.8,789.17,2393.72,0.0289,7100.0,car,102.0,verified,web,19.0,2.0,0.0,refer,pass,298.0,2.0,0.4252,2.0,0.0,0.0,full,,,,,,,,,,,,,
applications,no exact match in performance_12m,3961,ACC-10003969,CUS-20003969,Noah Foster,64 Mill View,NE9 3EH,1980-11-17,42.0,2023-01-17,employed,50.0,manual,private_tenant,113.0,3.0,2.0,21100.0,1366.77,217.22,556.79,592.76,0.1235,10800.0,car,8.0,not_verified,web,2.0,3.0,0.0,pass,refer,194.0,4.0,0.5172,3.0,0.0,0.0,partial,,,,,,,,,,,,,
applications,no exact match in performance_12m,4036,ACC-10004044,CUS-20004044,Sofia Roberts,123 Kingfisher Way,NG20 7WH,1975-08-09,48.0,2024-06-10,part_time,93.0,manual,private_tenant,97.0,5.0,1.0,24000.0,1495.23,555.18,268.73,671.32,0.2776,2900.0,other,79.0,verified,web,11.0,1.0,0.0,pass,pass,223.0,2.0,0.2115,1.0,0.0,0.0,partial,,,,,,,,,,,,,
applications,duplicate account_id,4147,ACC-10004155,CUS-20004155,Jack Wilson,181 Church Street,CF12 4AJ,1966-01-15,58.0,2024-05-15,employed,34.0,managerial,private_tenant,78.0,4.0,1.0,55100.0,3444.14,576.34,822.66,2045.14,0.1255,4000.0,debt_consolidation,33.0,partially_verified,branch,22.0,5.0,1.0,pass,pass,206.0,4.0,0.5074,5.0,0.0,0.0,full,,,,,,,,,,,,,
applications,no exact match in performance_12m,4155,ACC-10004163,CUS-20004163,Oliver Khan,156 Park Avenue,G29 4GJ,1969-11-15,54.0,2024-01-31,employed,118.0,administrative,social_tenant,10.0,2.0,0.0,38600.0,2458.34,116.08,891.9,1450.36,0.0361,16100.0,debt_consolidation,44.0,verified,branch,9.0,3.0,0.0,pass,pass,426.0,4.0,0.3096,3.0,0.0,0.0,full,,,,,,,,,,,,,
applications,duplicate account_id,4297,ACC-10004305,CUS-20004305,Adam Shah,169 Meadow Close,EH28 1SH,1982-11-01,41.0,2024-07-24,employed,54.0,managerial,private_tenant,87.0,3.0,2.0,23700.0,1422.39,481.26,1112.03,-170.9,0.2437,18200.0,car,30.0,verified,web,19.0,1.0,1.0,pass,pass,198.0,4.0,0.7388,1.0,0.0,0.0,full,,,,,,,,,,,,,
applications,invalid account_id format,4320,acc 10004328,CUS-20004328,Freya Foster,35 Victoria Road,PL8 9PP,1983-10-11,40.0,2024-01-21,employed,69.0,skilled,homeowner_mortgage,34.0,4.0,1.0,33200.0,2138.27,453.28,180.0,1504.99,0.1638,8500.0,debt_consolidation,148.0,verified,mobile,15.0,0.0,0.0,pass,pass,231.0,3.0,0.9298,0.0,0.0,0.0,partial,,,,,,,,,,,,,
applications,no exact match in performance_12m,4459,ACC-10004467,CUS-20004467,Aisha Evans,200 Meadow Close,RG4 2AD,1986-11-11,37.0,2024-01-19,employed,13.0,service,private_tenant,81.0,1.0,0.0,16200.0,983.48,99.5,1128.38,-244.4,0.0737,5700.0,other,89.0,verified,mobile,4.0,1.0,0.0,pass,pass,179.0,3.0,0.6867,1.0,1.0,1.0,full,,,,,,,,,,,,,
applications,no exact match in performance_12m,4492,ACC-10004500,CUS-20004500,Amelia Khan,59 Church Street,G11 5BX,1967-05-05,56.0,2023-09-23,employed,65.0,professional,homeowner_mortgage,27.0,2.0,3.0,23600.0,1480.87,217.02,958.51,305.34,0.1103,9700.0,car,136.0,verified,web,3.0,1.0,0.0,pass,pass,328.0,5.0,0.2077,1.0,0.0,0.0,partial,,,,,,,,,,,,,
applications,invalid account_id format,4537,acc 10004545,CUS-20004545,Aisha Jones,48 Church Street,EH28 7XD,1953-07-15,70.0,2024-07-12,self_employed,179.0,professional,social_tenant,104.0,4.0,0.0,36800.0,2406.47,465.93,902.41,1038.13,0.1519,9500.0,education,81.0,verified,web,16.0,3.0,0.0,pass,pass,341.0,4.0,0.2973,3.0,0.0,1.0,full,,,,,,,,,,,,,
applications,no exact match in performance_12m,4558,ACC-10004566,CUS-20004566,Leo Green,171 Mill View,L23 7DQ,1969-06-10,54.0,2023-10-16,self_employed,8.0,manual,social_tenant,125.0,2.0,1.0,28300.0,1757.27,457.76,254.17,1045.34,0.1941,4300.0,home_improvement,20.0,verified,web,8.0,0.0,0.0,pass,pass,213.0,7.0,0.5444,0.0,0.0,1.0,full,,,,,,,,,,,,,
applications,invalid account_id format,4568,acc 10004576,CUS-20004576,Jack Wilson,138 Meadow Close,L21 9EH,1963-12-19,60.0,2024-01-18,employed,62.0,managerial,private_tenant,73.0,6.0,0.0,23400.0,1523.02,134.01,977.81,411.2,0.0687,1700.0,debt_consolidation,218.0,verified,web,0.0,3.0,0.0,pass,pass,293.0,3.0,0.4363,3.0,0.0,0.0,full,,,,,,,,,,,,,
applications,invalid account_id format,5213,acc 10005224,CUS-20005224,Maya Green,34 Kingfisher Way,LS12 2EJ,1993-09-21,30.0,2024-07-28,self_employed,20.0,professional,homeowner_mortgage,60.0,2.0,0.0,16000.0,992.54,526.99,571.76,-106.21,0.3952,12100.0,car,135.0,verified,web,15.0,1.0,0.0,pass,pass,137.0,2.0,0.3036,1.0,0.0,0.0,full,,,,,,,,,,,,,
applications,no exact match in performance_12m,5328,ACC-10005339,CUS-20005339,Theo Hughes,227 Kingfisher Way,SO17 3DN,1985-10-16,38.0,2024-09-01,self_employed,66.0,manual,social_tenant,52.0,3.0,2.0,37700.0,2407.89,315.23,991.93,1100.73,0.1003,7100.0,debt_consolidation,40.0,partially_verified,web,0.0,2.0,0.0,pass,pass,135.0,3.0,0.0,2.0,0.0,0.0,none,,,,,,,,,,,,,
applications,invalid account_id format,5395,acc 10005406,CUS-20005406,Theo Clarke,12 Meadow Close,EH12 5HQ,1973-08-24,50.0,2023-09-26,employed,25.0,manual,living_with_family,55.0,3.0,2.0,61700.0,3867.73,279.17,1373.5,2215.06,0.0543,9800.0,major_purchase,102.0,verified,web,14.0,2.0,0.0,pass,pass,145.0,4.0,0.2599,2.0,0.0,0.0,full,,,,,,,,,,,,,
applications,no exact match in performance_12m,5488,ACC-10005501,CUS-20005501,George Jones,63 Station Lane,BS16 6QD,1956-07-16,66.0,2023-05-05,employed,76.0,skilled,private_tenant,155.0,2.0,1.0,15100.0,975.47,358.48,894.79,-277.8,0.2849,4800.0,debt_consolidation,50.0,verified,mobile,13.0,2.0,0.0,pass,pass,385.0,2.0,0.6464,2.0,0.0,0.0,none,,,,,,,,,,,,,
applications,no exact match in performance_12m,5750,ACC-10005763,CUS-20005763,Maya Green,140 Meadow Close,NG20 4LJ,1968-11-14,55.0,2024-03-16,employed,80.0,administrative,social_tenant,51.0,2.0,0.0,33200.0,2062.78,382.27,724.75,955.76,0.1382,5900.0,car,108.0,verified,mobile,11.0,2.0,1.0,pass,pass,181.0,0.0,0.2711,2.0,0.0,2.0,full,,,,,,,,,,,,,
applications,invalid account_id format,5873,acc 10005888,CUS-20005888,Noah Clarke,104 Church Street,RG14 9JH,1989-06-27,34.0,2024-02-19,part_time,49.0,skilled,living_with_family,62.0,2.0,0.0,53700.0,3329.84,166.09,688.99,2474.76,0.0371,5000.0,home_improvement,85.0,verified,mobile,19.0,2.0,1.0,pass,pass,184.0,1.0,0.4028,2.0,0.0,0.0,full,,,,,,,,,,,,,
applications,duplicate account_id,5950,ACC-10005967,CUS-20005967,Priya Patel,183 Church Street,PL24 9QX,1968-02-22,55.0,2023-03-31,employed,47.0,professional,homeowner_mortgage,22.0,1.0,0.0,60000.0,3515.97,20.0,959.53,2536.44,0.004,3800.0,other,21.0,verified,mobile,7.0,2.0,0.0,pass,pass,395.0,4.0,0.2425,2.0,0.0,0.0,full,,,,,,,,,,,,,
applications,no exact match in performance_12m,5969,ACC-10005986,CUS-20005986,Freya Foster,190 Mill View,M10 9DJ,1993-10-26,30.0,2024-10-06,employed,82.0,manual,homeowner_outright,84.0,2.0,0.0,23400.0,1400.12,746.1,157.08,496.94,0.3826,17000.0,other,75.0,verified,web,9.0,2.0,0.0,pass,refer,143.0,5.0,0.7705,2.0,1.0,2.0,partial,,,,,,,,,,,,,
applications,invalid account_id format,6103,acc 10006120,CUS-20006120,Ava Bennett,93 Park Avenue,RG4 6QU,1977-07-04,45.0,2023-01-09,employed,44.0,managerial,homeowner_outright,110.0,2.0,2.0,47100.0,2998.7,430.96,106.35,2461.39,0.1098,2900.0,home_improvement,44.0,verified,telephone,14.0,1.0,0.0,pass,pass,295.0,5.0,0.361,1.0,0.0,0.0,full,,,,,,,,,,,,,
applications,no exact match in performance_12m,6126,ACC-10006143,CUS-20006143,Freya Clarke,103 Meadow Close,M5 2RD,1974-02-06,49.0,2023-10-18,retired,41.0,manual,homeowner_mortgage,130.0,1.0,1.0,21000.0,1316.36,100.57,1100.74,115.05,0.0575,22300.0,debt_consolidation,76.0,verified,branch,2.0,3.0,0.0,pass,pass,132.0,1.0,0.1312,3.0,0.0,1.0,full,,,,,,,,,,,,,
applications,no exact match in performance_12m,6137,ACC-10006154,CUS-20006154,Isla Davies,211 Mill View,PL22 4DB,1999-06-11,24.0,2024-06-05,employed,111.0,managerial,homeowner_mortgage,49.0,3.0,0.0,48300.0,2940.56,328.03,467.8,2144.73,0.0815,14000.0,debt_consolidation,83.0,verified,web,21.0,1.0,1.0,pass,pass,29.0,1.0,0.3071,1.0,0.0,2.0,full,,,,,,,,,,,,,
applications,duplicate account_id,6310,ACC-10006329,CUS-20006329,Theo Clarke,142 Oak Road,L27 7EF,1975-09-09,47.0,2023-01-31,part_time,33.0,not_working,homeowner_outright,28.0,2.0,1.0,34100.0,2094.94,197.39,143.01,1754.54,0.0695,15600.0,debt_consolidation,65.0,partially_verified,web,15.0,2.0,0.0,pass,pass,200.0,5.0,0.3761,2.0,0.0,0.0,full,,,,,,,,,,,,,
applications,invalid account_id format,6354,acc 10006373,CUS-20006373,Jack Bennett,168 Highfield Gardens,EH26 3SF,1971-10-22,52.0,2024-04-15,retired,25.0,managerial,private_tenant,91.0,3.0,0.0,28400.0,1875.6,215.6,359.43,1300.57,0.0911,10100.0,education,60.0,partially_verified,branch,3.0,3.0,1.0,pass,pass,260.0,1.0,0.3915,3.0,0.0,1.0,full,,,,,,,,,,,,,
applications,no exact match in performance_12m,6439,ACC-10006458,CUS-20006458,Priya Roberts,19 Highfield Gardens,EH24 6SP,1988-11-27,34.0,2023-09-03,employed,92.0,managerial,private_tenant,29.0,2.0,0.0,37500.0,2302.79,237.99,539.33,1525.47,0.0762,4900.0,debt_consolidation,68.0,not_verified,mobile,2.0,0.0,1.0,pass,pass,88.0,4.0,0.3278,0.0,0.0,0.0,full,,,,,,,,,,,,,
applications,no exact match in performance_12m,6444,ACC-10006463,CUS-20006463,Priya Roberts,214 Oak Road,OX19 5EF,1978-09-25,45.0,2024-03-10,employed,138.0,service,social_tenant,36.0,2.0,0.0,19900.0,1263.32,172.45,1182.16,-91.29,0.104,6100.0,debt_consolidation,85.0,verified,web,9.0,1.0,0.0,pass,pass,280.0,1.0,0.5615,1.0,0.0,0.0,full,,,,,,,,,,,,,
applications,no exact match in performance_12m,6445,ACC-10006464,CUS-20006464,Amelia Hughes,239 Mill View,BS18 8LE,1972-10-14,51.0,2024-09-02,employed,68.0,managerial,homeowner_mortgage,96.0,2.0,0.0,20100.0,1358.21,391.77,479.6,486.84,0.2339,14500.0,car,29.0,verified,web,15.0,0.0,0.0,pass,pass,227.0,6.0,0.6264,0.0,1.0,2.0,full,,,,,,,,,,,,,
applications,no exact match in performance_12m,6446,ACC-10006465,CUS-20006465,Freya Davies,196 Meadow Close,CF9 5YY,1980-09-27,44.0,2024-11-29,part_time,31.0,administrative,homeowner_mortgage,23.0,2.0,1.0,52100.0,3219.38,106.15,293.54,2819.69,0.0244,7300.0,debt_consolidation,88.0,verified,mobile,16.0,1.0,0.0,pass,pass,109.0,1.0,0.4192,1.0,0.0,0.0,full,,,,,,,,,,,,,
applications,invalid account_id format,6449,acc 10006468,CUS-20006468,Adam Evans,170 Park Avenue,NG25 9PJ,1994-12-19,28.0,2023-12-11,employed,51.0,professional,private_tenant,54.0,3.0,2.0,30600.0,1945.95,313.68,180.0,1452.27,0.123,10000.0,major_purchase,47.0,verified,web,13.0,0.0,0.0,pass,pass,118.0,2.0,0.5003,0.0,0.0,1.0,partial,,,,,,,,,,,,,
applications,invalid account_id format,6742,acc 10006762,CUS-20006762,Priya Green,112 Oak Road,CF11 9LL,1979-08-28,44.0,2024-04-17,employed,145.0,managerial,homeowner_mortgage,46.0,3.0,0.0,31300.0,1913.06,189.09,587.76,1136.21,0.0725,25300.0,car,19.0,verified,web,10.0,0.0,0.0,refer,pass,203.0,4.0,0.2393,0.0,0.0,0.0,full,,,,,,,,,,,,,
applications,no exact match in performance_12m,6825,ACC-10006845,CUS-20006845,Sofia Lewis,70 Mill View,NR23 4HD,1965-10-14,57.0,2023-04-24,employed,61.0,managerial,private_tenant,68.0,2.0,1.0,21700.0,1334.2,551.47,995.57,-212.84,0.305,4400.0,car,117.0,verified,mobile,8.0,2.0,1.0,pass,pass,268.0,4.0,0.5245,2.0,0.0,0.0,full,,,,,,,,,,,,,
applications,no exact match in performance_12m,6846,ACC-10006866,CUS-20006866,Priya Davies,234 Meadow Close,NE25 8NE,1982-02-20,42.0,2024-03-28,employed,50.0,managerial,social_tenant,25.0,3.0,0.0,24900.0,1598.17,465.11,662.99,470.07,0.2241,5000.0,other,37.0,not_verified,telephone,20.0,1.0,1.0,pass,pass,122.0,2.0,0.145,1.0,0.0,0.0,full,,,,,,,,,,,,,
applications,no exact match in performance_12m,6860,ACC-10006880,CUS-20006880,Leo Green,177 Meadow Close,M7 4BJ,1984-05-07,39.0,2023-07-07,self_employed,118.0,not_working,living_with_family,26.0,1.0,0.0,17700.0,1175.15,345.07,509.5,320.58,0.2339,6000.0,major_purchase,129.0,not_verified,web,20.0,1.0,0.0,pass,pass,118.0,3.0,0.3551,1.0,0.0,1.0,partial,,,,,,,,,,,,,
applications,invalid account_id format,6932,acc 10006952,CUS-20006952,Isla Patel,217 Oak Road,PL25 2QT,1973-05-20,50.0,2023-08-13,employed,26.0,administrative,social_tenant,5.0,4.0,1.0,29500.0,1909.43,189.93,575.68,1143.82,0.0773,3000.0,debt_consolidation,23.0,verified,web,9.0,2.0,1.0,pass,pass,330.0,3.0,0.14,2.0,0.0,0.0,full,,,,,,,,,,,,,
applications,no exact match in performance_12m,7074,ACC-10007094,CUS-20007094,Ava Lewis,12 Mill View,B29 7RB,1986-03-19,38.0,2024-12-05,employed,17.0,managerial,homeowner_mortgage,107.0,3.0,0.0,101700.0,6305.85,416.84,674.39,5214.62,0.0492,13600.0,major_purchase,49.0,partially_verified,mobile,23.0,2.0,0.0,pass,pass,232.0,1.0,0.7307,2.0,0.0,1.0,full,,,,,,,,,,,,,
applications,no exact match in performance_12m,7203,ACC-10007223,CUS-20007223,Ava Hughes,94 Kingfisher Way,SO6 8UT,1977-11-05,45.0,2023-10-27,employed,71.0,managerial,homeowner_mortgage,24.0,1.0,0.0,19800.0,1251.94,159.2,698.42,394.32,0.0965,11600.0,debt_consolidation,19.0,not_verified,web,7.0,1.0,0.0,pass,pass,309.0,1.0,0.3569,1.0,0.0,0.0,full,,,,,,,,,,,,,
applications,no exact match in performance_12m,7270,ACC-10007290,CUS-20007290,Daniel Green,10 Church Street,NR19 6WB,1990-10-24,34.0,2024-11-25,part_time,32.0,manual,homeowner_outright,93.0,2.0,1.0,16900.0,1078.71,397.51,67.22,613.98,0.2823,10300.0,education,24.0,verified,web,10.0,0.0,0.0,refer,pass,156.0,2.0,0.5421,0.0,0.0,0.0,full,,,,,,,,,,,,,
applications,no exact match in performance_12m,7285,ACC-10007305,CUS-20007305,Sofia Foster,189 Willow Drive,PL16 9GW,2002-05-19,21.0,2023-07-21,employed,32.0,service,social_tenant,88.0,1.0,0.0,35700.0,2298.62,105.42,820.26,1372.94,0.0354,5400.0,education,28.0,verified,web,22.0,1.0,1.0,pass,pass,34.0,4.0,0.3797,1.0,0.0,0.0,full,,,,,,,,,,,,,
applications,invalid account_id format,7636,acc 10007657,CUS-20007657,Freya Patel,218 Victoria Road,BS19 6LL,1987-05-16,37.0,2024-05-16,self_employed,64.0,administrative,living_with_family,93.0,1.0,0.0,60700.0,3749.8,51.89,645.95,3051.96,0.0103,6800.0,car,119.0,verified,branch,22.0,1.0,1.0,pass,pass,198.0,1.0,0.37,1.0,0.0,0.0,full,,,,,,,,,,,,,
applications,no exact match in performance_12m,7934,ACC-10007955,CUS-20007955,Ava Foster,117 Mill View,NR7 1GJ,1964-05-05,59.0,2023-12-02,employed,17.0,managerial,homeowner_mortgage,86.0,1.0,2.0,47500.0,3017.11,191.8,598.7,2226.61,0.0485,5800.0,other,80.0,verified,mobile,19.0,0.0,0.0,pass,refer,367.0,3.0,0.3734,0.0,0.0,1.0,full,,,,,,,,,,,,,
applications,duplicate account_id,8096,ACC-10008117,CUS-20008117,Ava Morgan,227 Meadow Close,G15 6TW,1979-02-18,45.0,2024-04-27,employed,97.0,administrative,homeowner_mortgage,133.0,2.0,0.0,35000.0,2213.46,473.03,915.4,825.03,0.1622,8200.0,major_purchase,65.0,verified,web,16.0,1.0,0.0,refer,pass,129.0,3.0,0.3475,1.0,0.0,0.0,full,,,,,,,,,,,,,
applications,invalid account_id format,8129,acc 10008150,CUS-20008150,Priya Davies,243 Willow Drive,L3 9WV,1994-12-27,29.0,2024-05-03,unemployed,33.0,service,private_tenant,156.0,1.0,0.0,14100.0,863.28,122.89,611.87,128.52,0.1046,20500.0,home_improvement,49.0,partially_verified,telephone,20.0,1.0,0.0,pass,pass,123.0,4.0,0.1204,1.0,0.0,0.0,full,,,,,,,,,,,,,
applications,invalid account_id format,8167,acc 10008188,CUS-20008188,Oliver Evans,219 Victoria Road,S5 6DD,1972-06-23,50.0,2023-05-06,employed,88.0,managerial,homeowner_mortgage,23.0,2.0,0.0,77700.0,4964.75,106.02,518.48,4340.25,0.0164,2500.0,major_purchase,145.0,not_verified,mobile,23.0,1.0,0.0,refer,pass,153.0,3.0,0.3277,1.0,0.0,0.0,full,,,,,,,,,,,,,
applications,no exact match in performance_12m,8518,ACC-10008539,CUS-20008539,George Bennett,75 Willow Drive,BS26 5UB,1974-10-03,48.0,2023-09-15,employed,57.0,managerial,private_tenant,23.0,2.0,0.0,60400.0,3832.17,78.58,742.7,3010.89,0.0156,8000.0,home_improvement,75.0,verified,branch,10.0,0.0,0.0,pass,pass,298.0,1.0,0.2564,0.0,0.0,0.0,full,,,,,,,,,,,,,
applications,duplicate account_id,8696,ACC-10008717,CUS-20008717,Amelia Hughes,151 Highfield Gardens,CF12 2ND,1966-09-03,56.0,2023-05-20,employed,65.0,not_working,social_tenant,129.0,3.0,1.0,37700.0,2248.89,323.79,615.58,1309.52,0.1031,7000.0,debt_consolidation,41.0,verified,mobile,13.0,1.0,0.0,refer,pass,275.0,5.0,0.0997,1.0,0.0,0.0,full,,,,,,,,,,,,,
applications,no exact match in performance_12m,8701,ACC-10008722,CUS-20008722,Noah Khan,96 Highfield Gardens,EH1 1PU,1970-10-03,53.0,2024-06-15,employed,63.0,managerial,homeowner_mortgage,79.0,5.0,2.0,57300.0,3585.85,21.56,319.05,3245.24,0.0045,5100.0,debt_consolidation,16.0,verified,mobile,11.0,2.0,0.0,pass,pass,395.0,4.0,0.1345,2.0,0.0,0.0,full,,,,,,,,,,,,,
applications,no exact match in performance_12m,8807,ACC-10008828,CUS-20008828,Ava Evans,80 Meadow Close,SO12 3QU,1986-05-29,37.0,2024-05-17,employed,40.0,administrative,homeowner_mortgage,105.0,3.0,1.0,14000.0,913.26,170.12,676.45,66.69,0.1458,11000.0,car,19.0,verified,mobile,22.0,2.0,0.0,pass,pass,171.0,0.0,0.2921,2.0,0.0,0.0,full,,,,,,,,,,,,,
applications,no exact match in performance_12m,8860,ACC-10008881,CUS-20008881,Jack Shah,30 Station Lane,CF23 3YH,1995-02-15,28.0,2023-11-13,retired,78.0,managerial,homeowner_outright,74.0,1.0,0.0,47200.0,2961.67,102.84,70.53,2788.3,0.0261,4800.0,education,41.0,verified,web,7.0,1.0,0.0,fail,pass,118.0,4.0,0.3027,1.0,0.0,0.0,partial,,,,,,,,,,,,,
applications,duplicate account_id,8964,ACC-10008986,CUS-20008986,Isla Shah,199 Meadow Close,BS8 9HN,1972-04-12,51.0,2023-09-10,employed,132.0,professional,private_tenant,28.0,4.0,0.0,17600.0,1094.74,387.89,733.12,-26.27,0.2645,29900.0,major_purchase,118.0,verified,mobile,0.0,0.0,0.0,pass,fail,368.0,3.0,0.4816,0.0,0.0,0.0,full,,,,,,,,,,,,,
applications,no exact match in performance_12m,9044,ACC-10009066,CUS-20009066,Daniel Evans,209 Willow Drive,B4 9XX,1976-02-22,47.0,2023-09-12,employed,47.0,administrative,private_tenant,57.0,3.0,2.0,61600.0,3942.25,150.14,180.0,3612.11,0.0292,5600.0,car,86.0,partially_verified,telephone,0.0,0.0,0.0,pass,pass,151.0,3.0,0.3942,0.0,1.0,1.0,none,,,,,,,,,,,,,
applications,duplicate account_id,9195,ACC-10009217,CUS-20009217,Theo Shah,164 Victoria Road,S19 9DL,1975-04-24,48.0,2023-04-28,part_time,102.0,service,private_tenant,28.0,5.0,0.0,26800.0,1714.72,192.61,834.28,687.83,0.0862,1700.0,home_improvement,34.0,verified,web,15.0,1.0,1.0,pass,pass,208.0,3.0,0.2919,1.0,0.0,1.0,full,,,,,,,,,,,,,
applications,no exact match in performance_12m,9240,ACC-10009262,CUS-20009262,Aisha Morgan,245 Park Avenue,NE5 1WX,1959-01-10,65.0,2024-06-25,employed,55.0,administrative,living_with_family,30.0,4.0,0.0,22000.0,1408.93,382.64,966.18,60.11,0.2087,8200.0,debt_consolidation,42.0,verified,mobile,8.0,2.0,0.0,pass,refer,231.0,3.0,0.3506,2.0,0.0,0.0,full,,,,,,,,,,,,,
applications,no exact match in performance_12m,9708,ACC-10009731,CUS-20009731,Maya Evans,22 Kingfisher Way,RG8 6EY,1986-06-11,37.0,2024-02-06,employed,67.0,administrative,living_with_family,33.0,5.0,0.0,40900.0,2778.63,600.02,703.97,1474.64,0.176,7200.0,education,29.0,verified,web,11.0,1.0,1.0,pass,pass,119.0,0.0,0.1508,1.0,0.0,0.0,full,,,,,,,,,,,,,
applications,invalid account_id format,9946,acc 10009969,CUS-20009969,Jack Morgan,132 Oak Road,OX27 9UU,1975-12-19,47.0,2023-09-21,employed,81.0,skilled,living_with_family,170.0,1.0,2.0,10900.0,716.63,206.7,525.8,-15.87,0.2276,12600.0,debt_consolidation,112.0,verified,mobile,19.0,0.0,0.0,pass,pass,228.0,2.0,0.5015,0.0,0.0,0.0,partial,,,,,,,,,,,,,
applications,invalid account_id format,9961,acc 10009984,CUS-20009984,Priya Jones,190 Mill View,EH12 4JA,1963-09-26,61.0,2024-10-11,employed,30.0,administrative,homeowner_outright,174.0,3.0,2.0,32200.0,2024.1,189.78,8.61,1825.71,0.0707,8400.0,debt_consolidation,62.0,verified,branch,22.0,1.0,0.0,pass,pass,188.0,3.0,0.6234,1.0,0.0,0.0,full,,,,,,,,,,,,,
applications,duplicate account_id,9977,ACC-10005967,CUS-20005967,Priya Patel,183 Church Street,PL24 9QX,1968-02-22,55.0,2023-03-31,employed,47.0,professional,homeowner_mortgage,22.0,1.0,0.0,60000.0,3515.97,20.0,959.53,2536.44,0.004,3800.0,other,21.0,verified,mobile,7.0,2.0,0.0,pass,pass,395.0,4.0,0.2425,2.0,0.0,0.0,full,,,,,,,,,,,,,
applications,duplicate account_id,9978,ACC-10009217,CUS-20009217,Theo Shah,164 Victoria Road,S19 9DL,1975-04-24,48.0,2023-04-28,part_time,102.0,service,private_tenant,28.0,5.0,0.0,26800.0,1714.72,192.61,834.28,687.83,0.0862,1700.0,home_improvement,34.0,verified,web,15.0,1.0,1.0,pass,pass,208.0,3.0,0.2919,1.0,0.0,1.0,full,,,,,,,,,,,,,
applications,duplicate account_id,9979,ACC-10006329,CUS-20006329,Theo Clarke,142 Oak Road,L27 7EF,1975-09-09,47.0,2023-01-31,part_time,33.0,not_working,homeowner_outright,28.0,2.0,1.0,34100.0,2094.94,197.39,143.01,1754.54,0.0695,15600.0,debt_consolidation,65.0,partially_verified,web,15.0,2.0,0.0,pass,pass,200.0,5.0,0.3761,2.0,0.0,0.0,full,,,,,,,,,,,,,
applications,duplicate account_id,9980,ACC-10000987,CUS-20000987,Isla Taylor,208 Willow Drive,B5 7UU,1978-02-19,46.0,2024-10-15,employed,92.0,managerial,social_tenant,18.0,3.0,0.0,26900.0,1632.27,239.48,674.56,718.23,0.1068,6300.0,other,53.0,verified,mobile,21.0,1.0,1.0,pass,pass,184.0,1.0,0.8921,1.0,0.0,2.0,full,,,,,,,,,,,,,
applications,duplicate account_id,9981,ACC-10008986,CUS-20008986,Isla Shah,199 Meadow Close,BS8 9HN,1972-04-12,51.0,2023-09-10,employed,132.0,professional,private_tenant,28.0,4.0,0.0,17600.0,1094.74,387.89,733.12,-26.27,0.2645,29900.0,major_purchase,118.0,verified,mobile,0.0,0.0,0.0,pass,fail,368.0,3.0,0.4816,0.0,0.0,0.0,full,,,,,,,,,,,,,
applications,duplicate account_id,9982,ACC-10004305,CUS-20004305,Adam Shah,169 Meadow Close,EH28 1SH,1982-11-01,41.0,2024-07-24,employed,54.0,managerial,private_tenant,87.0,3.0,2.0,23700.0,1422.39,481.26,1112.03,-170.9,0.2437,18200.0,car,30.0,verified,web,19.0,1.0,1.0,pass,pass,198.0,4.0,0.7388,1.0,0.0,0.0,full,,,,,,,,,,,,,
applications,duplicate account_id,9983,ACC-10008117,CUS-20008117,Ava Morgan,227 Meadow Close,G15 6TW,1979-02-18,45.0,2024-04-27,employed,97.0,administrative,homeowner_mortgage,133.0,2.0,0.0,35000.0,2213.46,473.03,915.4,825.03,0.1622,8200.0,major_purchase,65.0,verified,web,16.0,1.0,0.0,refer,pass,129.0,3.0,0.3475,1.0,0.0,0.0,full,,,,,,,,,,,,,
applications,duplicate account_id,9984,ACC-10003885,CUS-20003885,Daniel Hughes,64 Park Avenue,G7 2JH,1981-10-20,41.0,2023-01-14,employed,84.0,professional,social_tenant,42.0,2.0,1.0,28500.0,1726.57,252.79,1042.65,431.13,0.1064,3200.0,major_purchase,117.0,verified,mobile,20.0,3.0,0.0,pass,pass,242.0,3.0,0.447,3.0,0.0,0.0,full,,,,,,,,,,,,,
applications,duplicate account_id,9985,ACC-10004155,CUS-20004155,Jack Wilson,181 Church Street,CF12 4AJ,1966-01-15,58.0,2024-05-15,employed,34.0,managerial,private_tenant,78.0,4.0,1.0,55100.0,3444.14,576.34,822.66,2045.14,0.1255,4000.0,debt_consolidation,33.0,partially_verified,branch,22.0,5.0,1.0,pass,pass,206.0,4.0,0.5074,5.0,0.0,0.0,full,,,,,,,,,,,,,
applications,duplicate account_id,9986,ACC-10000516,CUS-20000516,Sofia Wilson,140 Willow Drive,EH9 6SX,1977-11-02,45.0,2023-02-09,employed,17.0,managerial,homeowner_mortgage,34.0,1.0,1.0,32600.0,2044.99,521.4,1226.36,297.23,0.1919,3500.0,car,35.0,verified,web,4.0,0.0,0.0,pass,pass,211.0,3.0,0.6056,0.0,0.0,0.0,full,,,,,,,,,,,,,
applications,duplicate account_id,9987,ACC-10008717,CUS-20008717,Amelia Hughes,151 Highfield Gardens,CF12 2ND,1966-09-03,56.0,2023-05-20,employed,65.0,not_working,social_tenant,129.0,3.0,1.0,37700.0,2248.89,323.79,615.58,1309.52,0.1031,7000.0,debt_consolidation,41.0,verified,mobile,13.0,1.0,0.0,refer,pass,275.0,5.0,0.0997,1.0,0.0,0.0,full,,,,,,,,,,,,,
applications,duplicate account_id,9988,ACC-10000151,CUS-20000151,Aisha Wilson,221 Station Lane,NE24 6SJ,2000-02-13,24.0,2024-07-10,employed,60.0,service,homeowner_mortgage,47.0,3.0,1.0,59000.0,3831.82,157.3,241.26,3433.26,0.032,6600.0,car,54.0,verified,branch,20.0,1.0,0.0,pass,pass,33.0,2.0,0.1788,1.0,0.0,1.0,full,,,,,,,,,,,,,
experian_consumer,no exact match in applications,40,ACC-10000038,,,,,,,,,,,,,,,,,,,,,,,,,,,,,,,,,,,,,,,,,,,,,,,,,,878.0
experian_consumer,no exact match in applications,73,ACC-10000071,,,,,,,,,,,,,,,,,,,,,,,,,,,,,,,,,,,,,,,,,,,,,,,,,,922.0
experian_consumer,no exact match in performance_12m,135,ACC-10000133,,,,,,,,,,,,,,,,,,,,,,,,,,,,,,,,,,,,,,,,,,,,,,,,,,713.0
experian_consumer,no exact match in applications,153,ACC-10000151,,,,,,,,,,,,,,,,,,,,,,,,,,,,,,,,,,,,,,,,,,,,,,,,,,899.0
experian_consumer,no exact match in performance_12m,173,ACC-10000171,,,,,,,,,,,,,,,,,,,,,,,,,,,,,,,,,,,,,,,,,,,,,,,,,,878.0
experian_consumer,no exact match in performance_12m,248,ACC-10000246,,,,,,,,,,,,,,,,,,,,,,,,,,,,,,,,,,,,,,,,,,,,,,,,,,856.0
experian_consumer,no exact match in performance_12m,470,ACC-10000468,,,,,,,,,,,,,,,,,,,,,,,,,,,,,,,,,,,,,,,,,,,,,,,,,,878.0
experian_consumer,no exact match in applications,518,ACC-10000516,,,,,,,,,,,,,,,,,,,,,,,,,,,,,,,,,,,,,,,,,,,,,,,,,,808.0
experian_consumer,no exact match in performance_12m,543,ACC-10000541,,,,,,,,,,,,,,,,,,,,,,,,,,,,,,,,,,,,,,,,,,,,,,,,,,821.0
experian_consumer,no exact match in applications,564,ACC-10000562,,,,,,,,,,,,,,,,,,,,,,,,,,,,,,,,,,,,,,,,,,,,,,,,,,816.0
experian_consumer,no exact match in performance_12m,588,ACC-10000586,,,,,,,,,,,,,,,,,,,,,,,,,,,,,,,,,,,,,,,,,,,,,,,,,,813.0
experian_consumer,no exact match in applications,591,ACC-10000589,,,,,,,,,,,,,,,,,,,,,,,,,,,,,,,,,,,,,,,,,,,,,,,,,,814.0
experian_consumer,no exact match in applications,698,ACC-10000696,,,,,,,,,,,,,,,,,,,,,,,,,,,,,,,,,,,,,,,,,,,,,,,,,,882.0
experian_consumer,no exact match in applications,708,ACC-10000706,,,,,,,,,,,,,,,,,,,,,,,,,,,,,,,,,,,,,,,,,,,,,,,,,,852.0
experian_consumer,no exact match in applications,869,ACC-10000867,,,,,,,,,,,,,,,,,,,,,,,,,,,,,,,,,,,,,,,,,,,,,,,,,,708.0
experian_consumer,no exact match in performance_12m,958,ACC-10000956,,,,,,,,,,,,,,,,,,,,,,,,,,,,,,,,,,,,,,,,,,,,,,,,,,767.0
experian_consumer,no exact match in applications,989,ACC-10000987,,,,,,,,,,,,,,,,,,,,,,,,,,,,,,,,,,,,,,,,,,,,,,,,,,753.0
experian_consumer,no exact match in applications,995,ACC-10000993,,,,,,,,,,,,,,,,,,,,,,,,,,,,,,,,,,,,,,,,,,,,,,,,,,851.0
experian_consumer,no exact match in performance_12m,1062,ACC-10001060,,,,,,,,,,,,,,,,,,,,,,,,,,,,,,,,,,,,,,,,,,,,,,,,,,847.0
experian_consumer,no exact match in applications,1217,ACC-10001215,,,,,,,,,,,,,,,,,,,,,,,,,,,,,,,,,,,,,,,,,,,,,,,,,,750.0
experian_consumer,no exact match in applications,1296,ACC-10001294,,,,,,,,,,,,,,,,,,,,,,,,,,,,,,,,,,,,,,,,,,,,,,,,,,887.0
experian_consumer,no exact match in performance_12m,1388,ACC-10001386,,,,,,,,,,,,,,,,,,,,,,,,,,,,,,,,,,,,,,,,,,,,,,,,,,842.0
experian_consumer,no exact match in applications,1451,ACC-10001449,,,,,,,,,,,,,,,,,,,,,,,,,,,,,,,,,,,,,,,,,,,,,,,,,,819.0
experian_consumer,no exact match in performance_12m,1488,ACC-10001486,,,,,,,,,,,,,,,,,,,,,,,,,,,,,,,,,,,,,,,,,,,,,,,,,,833.0
experian_consumer,no exact match in applications,1730,ACC-10001728,,,,,,,,,,,,,,,,,,,,,,,,,,,,,,,,,,,,,,,,,,,,,,,,,,821.0
experian_consumer,no exact match in applications,1861,ACC-10001859,,,,,,,,,,,,,,,,,,,,,,,,,,,,,,,,,,,,,,,,,,,,,,,,,,805.0
experian_consumer,no exact match in applications,1952,ACC-10001950,,,,,,,,,,,,,,,,,,,,,,,,,,,,,,,,,,,,,,,,,,,,,,,,,,865.0
experian_consumer,no exact match in performance_12m,1972,ACC-10001970,,,,,,,,,,,,,,,,,,,,,,,,,,,,,,,,,,,,,,,,,,,,,,,,,,735.0
experian_consumer,no exact match in applications,2062,ACC-10002060,,,,,,,,,,,,,,,,,,,,,,,,,,,,,,,,,,,,,,,,,,,,,,,,,,863.0
experian_consumer,no exact match in performance_12m,2154,ACC-10002152,,,,,,,,,,,,,,,,,,,,,,,,,,,,,,,,,,,,,,,,,,,,,,,,,,922.0
experian_consumer,no exact match in applications,2172,ACC-10002170,,,,,,,,,,,,,,,,,,,,,,,,,,,,,,,,,,,,,,,,,,,,,,,,,,938.0
experian_consumer,no exact match in performance_12m,2185,ACC-10002183,,,,,,,,,,,,,,,,,,,,,,,,,,,,,,,,,,,,,,,,,,,,,,,,,,810.0
experian_consumer,no exact match in performance_12m,2204,ACC-10002202,,,,,,,,,,,,,,,,,,,,,,,,,,,,,,,,,,,,,,,,,,,,,,,,,,896.0
experian_consumer,no exact match in applications,2293,ACC-10002291,,,,,,,,,,,,,,,,,,,,,,,,,,,,,,,,,,,,,,,,,,,,,,,,,,665.0
experian_consumer,no exact match in performance_12m,2331,ACC-10002329,,,,,,,,,,,,,,,,,,,,,,,,,,,,,,,,,,,,,,,,,,,,,,,,,,887.0
experian_consumer,no exact match in performance_12m,2456,ACC-10002454,,,,,,,,,,,,,,,,,,,,,,,,,,,,,,,,,,,,,,,,,,,,,,,,,,864.0
experian_consumer,no exact match in performance_12m,2723,ACC-10002721,,,,,,,,,,,,,,,,,,,,,,,,,,,,,,,,,,,,,,,,,,,,,,,,,,846.0
experian_consumer,no exact match in performance_12m,2985,ACC-10002983,,,,,,,,,,,,,,,,,,,,,,,,,,,,,,,,,,,,,,,,,,,,,,,,,,857.0
experian_consumer,no exact match in applications,3681,ACC-10003679,,,,,,,,,,,,,,,,,,,,,,,,,,,,,,,,,,,,,,,,,,,,,,,,,,886.0
experian_consumer,no exact match in applications,3867,ACC-10003865,,,,,,,,,,,,,,,,,,,,,,,,,,,,,,,,,,,,,,,,,,,,,,,,,,838.0
experian_consumer,no exact match in applications,3887,ACC-10003885,,,,,,,,,,,,,,,,,,,,,,,,,,,,,,,,,,,,,,,,,,,,,,,,,,776.0
experian_consumer,no exact match in performance_12m,3890,ACC-10003888,,,,,,,,,,,,,,,,,,,,,,,,,,,,,,,,,,,,,,,,,,,,,,,,,,883.0
experian_consumer,no exact match in performance_12m,3971,ACC-10003969,,,,,,,,,,,,,,,,,,,,,,,,,,,,,,,,,,,,,,,,,,,,,,,,,,788.0
experian_consumer,no exact match in performance_12m,4046,ACC-10004044,,,,,,,,,,,,,,,,,,,,,,,,,,,,,,,,,,,,,,,,,,,,,,,,,,797.0
experian_consumer,no exact match in applications,4157,ACC-10004155,,,,,,,,,,,,,,,,,,,,,,,,,,,,,,,,,,,,,,,,,,,,,,,,,,729.0
experian_consumer,no exact match in performance_12m,4165,ACC-10004163,,,,,,,,,,,,,,,,,,,,,,,,,,,,,,,,,,,,,,,,,,,,,,,,,,799.0
experian_consumer,no exact match in applications,4307,ACC-10004305,,,,,,,,,,,,,,,,,,,,,,,,,,,,,,,,,,,,,,,,,,,,,,,,,,819.0
experian_consumer,no exact match in applications,4330,ACC-10004328,,,,,,,,,,,,,,,,,,,,,,,,,,,,,,,,,,,,,,,,,,,,,,,,,,805.0
experian_consumer,no exact match in performance_12m,4469,ACC-10004467,,,,,,,,,,,,,,,,,,,,,,,,,,,,,,,,,,,,,,,,,,,,,,,,,,764.0
experian_consumer,no exact match in performance_12m,4502,ACC-10004500,,,,,,,,,,,,,,,,,,,,,,,,,,,,,,,,,,,,,,,,,,,,,,,,,,783.0
experian_consumer,no exact match in applications,4547,ACC-10004545,,,,,,,,,,,,,,,,,,,,,,,,,,,,,,,,,,,,,,,,,,,,,,,,,,806.0
experian_consumer,no exact match in performance_12m,4568,ACC-10004566,,,,,,,,,,,,,,,,,,,,,,,,,,,,,,,,,,,,,,,,,,,,,,,,,,789.0
experian_consumer,no exact match in applications,4578,ACC-10004576,,,,,,,,,,,,,,,,,,,,,,,,,,,,,,,,,,,,,,,,,,,,,,,,,,798.0
experian_consumer,no exact match in applications,4749,ACC-10004747,,,,,,,,,,,,,,,,,,,,,,,,,,,,,,,,,,,,,,,,,,,,,,,,,,731.0
experian_consumer,no exact match in applications,4951,ACC-10004949,,,,,,,,,,,,,,,,,,,,,,,,,,,,,,,,,,,,,,,,,,,,,,,,,,913.0
experian_consumer,no exact match in applications,5197,ACC-10005195,,,,,,,,,,,,,,,,,,,,,,,,,,,,,,,,,,,,,,,,,,,,,,,,,,788.0
experian_consumer,no exact match in applications,5226,ACC-10005224,,,,,,,,,,,,,,,,,,,,,,,,,,,,,,,,,,,,,,,,,,,,,,,,,,902.0
experian_consumer,no exact match in performance_12m,5341,ACC-10005339,,,,,,,,,,,,,,,,,,,,,,,,,,,,,,,,,,,,,,,,,,,,,,,,,,823.0
experian_consumer,no exact match in applications,5408,ACC-10005406,,,,,,,,,,,,,,,,,,,,,,,,,,,,,,,,,,,,,,,,,,,,,,,,,,768.0
experian_consumer,no exact match in applications,5479,ACC-10005477,,,,,,,,,,,,,,,,,,,,,,,,,,,,,,,,,,,,,,,,,,,,,,,,,,916.0
experian_consumer,no exact match in applications,5485,ACC-10005483,,,,,,,,,,,,,,,,,,,,,,,,,,,,,,,,,,,,,,,,,,,,,,,,,,740.0
experian_consumer,no exact match in performance_12m,5503,ACC-10005501,,,,,,,,,,,,,,,,,,,,,,,,,,,,,,,,,,,,,,,,,,,,,,,,,,763.0
experian_consumer,no exact match in performance_12m,5765,ACC-10005763,,,,,,,,,,,,,,,,,,,,,,,,,,,,,,,,,,,,,,,,,,,,,,,,,,806.0
experian_consumer,no exact match in applications,5787,ACC-10005785,,,,,,,,,,,,,,,,,,,,,,,,,,,,,,,,,,,,,,,,,,,,,,,,,,636.0
experian_consumer,no exact match in applications,5881,ACC-10005879,,,,,,,,,,,,,,,,,,,,,,,,,,,,,,,,,,,,,,,,,,,,,,,,,,672.0
experian_consumer,no exact match in applications,5890,ACC-10005888,,,,,,,,,,,,,,,,,,,,,,,,,,,,,,,,,,,,,,,,,,,,,,,,,,853.0
experian_consumer,no exact match in applications,5957,ACC-10005955,,,,,,,,,,,,,,,,,,,,,,,,,,,,,,,,,,,,,,,,,,,,,,,,,,932.0
experian_consumer,no exact match in applications,5961,ACC-10005959,,,,,,,,,,,,,,,,,,,,,,,,,,,,,,,,,,,,,,,,,,,,,,,,,,767.0
experian_consumer,no exact match in applications,5969,ACC-10005967,,,,,,,,,,,,,,,,,,,,,,,,,,,,,,,,,,,,,,,,,,,,,,,,,,860.0
experian_consumer,no exact match in performance_12m,5988,ACC-10005986,,,,,,,,,,,,,,,,,,,,,,,,,,,,,,,,,,,,,,,,,,,,,,,,,,661.0
experian_consumer,no exact match in applications,6122,ACC-10006120,,,,,,,,,,,,,,,,,,,,,,,,,,,,,,,,,,,,,,,,,,,,,,,,,,922.0
experian_consumer,no exact match in performance_12m,6145,ACC-10006143,,,,,,,,,,,,,,,,,,,,,,,,,,,,,,,,,,,,,,,,,,,,,,,,,,764.0
experian_consumer,no exact match in performance_12m,6156,ACC-10006154,,,,,,,,,,,,,,,,,,,,,,,,,,,,,,,,,,,,,,,,,,,,,,,,,,858.0
experian_consumer,no exact match in applications,6258,ACC-10006256,,,,,,,,,,,,,,,,,,,,,,,,,,,,,,,,,,,,,,,,,,,,,,,,,,846.0
experian_consumer,no exact match in applications,6277,ACC-10006275,,,,,,,,,,,,,,,,,,,,,,,,,,,,,,,,,,,,,,,,,,,,,,,,,,847.0
experian_consumer,no exact match in applications,6331,ACC-10006329,,,,,,,,,,,,,,,,,,,,,,,,,,,,,,,,,,,,,,,,,,,,,,,,,,768.0
experian_consumer,no exact match in applications,6375,ACC-10006373,,,,,,,,,,,,,,,,,,,,,,,,,,,,,,,,,,,,,,,,,,,,,,,,,,777.0
experian_consumer,no exact match in performance_12m,6460,ACC-10006458,,,,,,,,,,,,,,,,,,,,,,,,,,,,,,,,,,,,,,,,,,,,,,,,,,867.0
experian_consumer,no exact match in performance_12m,6465,ACC-10006463,,,,,,,,,,,,,,,,,,,,,,,,,,,,,,,,,,,,,,,,,,,,,,,,,,835.0
experian_consumer,no exact match in performance_12m,6466,ACC-10006464,,,,,,,,,,,,,,,,,,,,,,,,,,,,,,,,,,,,,,,,,,,,,,,,,,699.0
experian_consumer,no exact match in performance_12m,6467,ACC-10006465,,,,,,,,,,,,,,,,,,,,,,,,,,,,,,,,,,,,,,,,,,,,,,,,,,851.0
experian_consumer,no exact match in applications,6470,ACC-10006468,,,,,,,,,,,,,,,,,,,,,,,,,,,,,,,,,,,,,,,,,,,,,,,,,,811.0
experian_consumer,no exact match in applications,6733,ACC-10006731,,,,,,,,,,,,,,,,,,,,,,,,,,,,,,,,,,,,,,,,,,,,,,,,,,812.0
experian_consumer,no exact match in applications,6764,ACC-10006762,,,,,,,,,,,,,,,,,,,,,,,,,,,,,,,,,,,,,,,,,,,,,,,,,,819.0
experian_consumer,no exact match in performance_12m,6847,ACC-10006845,,,,,,,,,,,,,,,,,,,,,,,,,,,,,,,,,,,,,,,,,,,,,,,,,,772.0
experian_consumer,no exact match in performance_12m,6868,ACC-10006866,,,,,,,,,,,,,,,,,,,,,,,,,,,,,,,,,,,,,,,,,,,,,,,,,,900.0
experian_consumer,no exact match in performance_12m,6882,ACC-10006880,,,,,,,,,,,,,,,,,,,,,,,,,,,,,,,,,,,,,,,,,,,,,,,,,,846.0
experian_consumer,no exact match in applications,6954,ACC-10006952,,,,,,,,,,,,,,,,,,,,,,,,,,,,,,,,,,,,,,,,,,,,,,,,,,840.0
experian_consumer,no exact match in performance_12m,7096,ACC-10007094,,,,,,,,,,,,,,,,,,,,,,,,,,,,,,,,,,,,,,,,,,,,,,,,,,780.0
experian_consumer,no exact match in performance_12m,7225,ACC-10007223,,,,,,,,,,,,,,,,,,,,,,,,,,,,,,,,,,,,,,,,,,,,,,,,,,874.0
experian_consumer,no exact match in performance_12m,7292,ACC-10007290,,,,,,,,,,,,,,,,,,,,,,,,,,,,,,,,,,,,,,,,,,,,,,,,,,964.0
experian_consumer,no exact match in performance_12m,7307,ACC-10007305,,,,,,,,,,,,,,,,,,,,,,,,,,,,,,,,,,,,,,,,,,,,,,,,,,816.0
experian_consumer,no exact match in applications,7403,ACC-10007401,,,,,,,,,,,,,,,,,,,,,,,,,,,,,,,,,,,,,,,,,,,,,,,,,,897.0
experian_consumer,no exact match in applications,7659,ACC-10007657,,,,,,,,,,,,,,,,,,,,,,,,,,,,,,,,,,,,,,,,,,,,,,,,,,872.0
experian_consumer,no exact match in performance_12m,7957,ACC-10007955,,,,,,,,,,,,,,,,,,,,,,,,,,,,,,,,,,,,,,,,,,,,,,,,,,855.0
experian_consumer,no exact match in applications,8119,ACC-10008117,,,,,,,,,,,,,,,,,,,,,,,,,,,,,,,,,,,,,,,,,,,,,,,,,,910.0
experian_consumer,no exact match in applications,8152,ACC-10008150,,,,,,,,,,,,,,,,,,,,,,,,,,,,,,,,,,,,,,,,,,,,,,,,,,869.0
experian_consumer,no exact match in applications,8190,ACC-10008188,,,,,,,,,,,,,,,,,,,,,,,,,,,,,,,,,,,,,,,,,,,,,,,,,,834.0
experian_consumer,no exact match in performance_12m,8541,ACC-10008539,,,,,,,,,,,,,,,,,,,,,,,,,,,,,,,,,,,,,,,,,,,,,,,,,,852.0
experian_consumer,no exact match in applications,8719,ACC-10008717,,,,,,,,,,,,,,,,,,,,,,,,,,,,,,,,,,,,,,,,,,,,,,,,,,877.0
experian_consumer,no exact match in performance_12m,8724,ACC-10008722,,,,,,,,,,,,,,,,,,,,,,,,,,,,,,,,,,,,,,,,,,,,,,,,,,915.0
experian_consumer,no exact match in performance_12m,8830,ACC-10008828,,,,,,,,,,,,,,,,,,,,,,,,,,,,,,,,,,,,,,,,,,,,,,,,,,901.0
experian_consumer,no exact match in performance_12m,8883,ACC-10008881,,,,,,,,,,,,,,,,,,,,,,,,,,,,,,,,,,,,,,,,,,,,,,,,,,860.0
experian_consumer,no exact match in applications,8896,ACC-10008894,,,,,,,,,,,,,,,,,,,,,,,,,,,,,,,,,,,,,,,,,,,,,,,,,,933.0
experian_consumer,no exact match in applications,8988,ACC-10008986,,,,,,,,,,,,,,,,,,,,,,,,,,,,,,,,,,,,,,,,,,,,,,,,,,832.0
experian_consumer,no exact match in performance_12m,9068,ACC-10009066,,,,,,,,,,,,,,,,,,,,,,,,,,,,,,,,,,,,,,,,,,,,,,,,,,751.0
experian_consumer,no exact match in applications,9219,ACC-10009217,,,,,,,,,,,,,,,,,,,,,,,,,,,,,,,,,,,,,,,,,,,,,,,,,,797.0
experian_consumer,no exact match in performance_12m,9264,ACC-10009262,,,,,,,,,,,,,,,,,,,,,,,,,,,,,,,,,,,,,,,,,,,,,,,,,,875.0
experian_consumer,no exact match in applications,9490,ACC-10009488,,,,,,,,,,,,,,,,,,,,,,,,,,,,,,,,,,,,,,,,,,,,,,,,,,756.0
experian_consumer,no exact match in performance_12m,9733,ACC-10009731,,,,,,,,,,,,,,,,,,,,,,,,,,,,,,,,,,,,,,,,,,,,,,,,,,865.0
experian_consumer,no exact match in applications,9971,ACC-10009969,,,,,,,,,,,,,,,,,,,,,,,,,,,,,,,,,,,,,,,,,,,,,,,,,,837.0
experian_consumer,no exact match in applications,9986,ACC-10009984,,,,,,,,,,,,,,,,,,,,,,,,,,,,,,,,,,,,,,,,,,,,,,,,,,853.0
performance_12m,no exact match in applications,40,ACC-10000038,,,,,,,,,,,,,,,,,,,,,,,,,,,,,,,,,,,,,,0.0,0.0,0.0,0.0,0.0,0.0,0.0,0.0,0.0,0.0,0.0,0.0,
performance_12m,no exact match in applications,73,ACC-10000071,,,,,,,,,,,,,,,,,,,,,,,,,,,,,,,,,,,,,,0.0,0.0,0.0,0.0,0.0,0.0,0.0,0.0,0.0,0.0,0.0,0.0,
performance_12m,missing account_id,135,,,,,,,,,,,,,,,,,,,,,,,,,,,,,,,,,,,,,,,0.0,0.0,0.0,0.0,0.0,0.0,0.0,0.0,0.0,0.0,0.0,0.0,
performance_12m,no exact match in applications,153,ACC-10000151,,,,,,,,,,,,,,,,,,,,,,,,,,,,,,,,,,,,,,1.0,0.0,0.0,0.0,1.0,0.0,0.0,0.0,0.0,0.0,0.0,0.0,
performance_12m,missing account_id,173,,,,,,,,,,,,,,,,,,,,,,,,,,,,,,,,,,,,,,,0.0,0.0,0.0,0.0,0.0,0.0,0.0,0.0,0.0,0.0,0.0,0.0,
performance_12m,invalid account_id format,248,ACC-100002XX,,,,,,,,,,,,,,,,,,,,,,,,,,,,,,,,,,,,,,0.0,0.0,0.0,0.0,0.0,0.0,0.0,0.0,0.0,0.0,0.0,0.0,
performance_12m,missing account_id,470,,,,,,,,,,,,,,,,,,,,,,,,,,,,,,,,,,,,,,,0.0,0.0,0.0,0.0,0.0,0.0,0.0,0.0,0.0,0.0,0.0,0.0,
performance_12m,no exact match in applications,518,ACC-10000516,,,,,,,,,,,,,,,,,,,,,,,,,,,,,,,,,,,,,,0.0,0.0,0.0,0.0,0.0,0.0,0.0,0.0,0.0,0.0,0.0,0.0,
performance_12m,missing account_id,543,,,,,,,,,,,,,,,,,,,,,,,,,,,,,,,,,,,,,,,0.0,0.0,0.0,0.0,0.0,0.0,0.0,0.0,0.0,0.0,0.0,0.0,
performance_12m,no exact match in applications,564,ACC-10000562,,,,,,,,,,,,,,,,,,,,,,,,,,,,,,,,,,,,,,0.0,0.0,0.0,0.0,0.0,0.0,0.0,0.0,0.0,0.0,0.0,0.0,
performance_12m,invalid account_id format,588,ACC-100005XX,,,,,,,,,,,,,,,,,,,,,,,,,,,,,,,,,,,,,,0.0,0.0,0.0,0.0,0.0,0.0,0.0,0.0,0.0,0.0,0.0,0.0,
performance_12m,no exact match in applications,591,ACC-10000589,,,,,,,,,,,,,,,,,,,,,,,,,,,,,,,,,,,,,,0.0,0.0,0.0,0.0,0.0,0.0,0.0,0.0,0.0,0.0,0.0,0.0,
performance_12m,no exact match in applications,698,ACC-10000696,,,,,,,,,,,,,,,,,,,,,,,,,,,,,,,,,,,,,,0.0,0.0,0.0,0.0,0.0,0.0,0.0,0.0,0.0,0.0,0.0,0.0,
performance_12m,no exact match in applications,708,ACC-10000706,,,,,,,,,,,,,,,,,,,,,,,,,,,,,,,,,,,,,,0.0,0.0,0.0,0.0,0.0,0.0,0.0,0.0,0.0,0.0,0.0,0.0,
performance_12m,no exact match in applications,869,ACC-10000867,,,,,,,,,,,,,,,,,,,,,,,,,,,,,,,,,,,,,,0.0,0.0,0.0,0.0,0.0,0.0,0.0,0.0,0.0,0.0,0.0,0.0,
performance_12m,invalid account_id format,958,ACC-100009XX,,,,,,,,,,,,,,,,,,,,,,,,,,,,,,,,,,,,,,0.0,0.0,0.0,0.0,0.0,0.0,0.0,0.0,0.0,0.0,0.0,0.0,
performance_12m,no exact match in applications,989,ACC-10000987,,,,,,,,,,,,,,,,,,,,,,,,,,,,,,,,,,,,,,0.0,0.0,0.0,0.0,0.0,0.0,0.0,0.0,0.0,0.0,0.0,0.0,
performance_12m,no exact match in applications,995,ACC-10000993,,,,,,,,,,,,,,,,,,,,,,,,,,,,,,,,,,,,,,0.0,0.0,0.0,0.0,0.0,0.0,0.0,0.0,0.0,0.0,0.0,0.0,
performance_12m,invalid account_id format,1062,ACC-100010XX,,,,,,,,,,,,,,,,,,,,,,,,,,,,,,,,,,,,,,0.0,0.0,0.0,0.0,0.0,0.0,0.0,0.0,0.0,0.0,0.0,0.0,
performance_12m,no exact match in applications,1217,ACC-10001215,,,,,,,,,,,,,,,,,,,,,,,,,,,,,,,,,,,,,,0.0,0.0,0.0,0.0,0.0,0.0,0.0,0.0,0.0,0.0,0.0,0.0,
performance_12m,no exact match in applications,1296,ACC-10001294,,,,,,,,,,,,,,,,,,,,,,,,,,,,,,,,,,,,,,0.0,0.0,0.0,0.0,0.0,0.0,0.0,0.0,0.0,0.0,0.0,0.0,
performance_12m,missing account_id,1388,,,,,,,,,,,,,,,,,,,,,,,,,,,,,,,,,,,,,,,0.0,0.0,0.0,0.0,0.0,0.0,0.0,0.0,0.0,0.0,0.0,0.0,
performance_12m,no exact match in applications,1451,ACC-10001449,,,,,,,,,,,,,,,,,,,,,,,,,,,,,,,,,,,,,,0.0,0.0,0.0,0.0,0.0,0.0,0.0,0.0,0.0,0.0,0.0,0.0,
performance_12m,invalid account_id format,1488,ACC-100014XX,,,,,,,,,,,,,,,,,,,,,,,,,,,,,,,,,,,,,,0.0,0.0,0.0,0.0,0.0,0.0,0.0,0.0,0.0,0.0,0.0,0.0,
performance_12m,no exact match in applications,1730,ACC-10001728,,,,,,,,,,,,,,,,,,,,,,,,,,,,,,,,,,,,,,1.0,0.0,1.0,0.0,0.0,0.0,0.0,0.0,0.0,1.0,1.0,0.0,
performance_12m,no exact match in applications,1861,ACC-10001859,,,,,,,,,,,,,,,,,,,,,,,,,,,,,,,,,,,,,,0.0,0.0,0.0,0.0,0.0,0.0,0.0,0.0,0.0,0.0,0.0,0.0,
performance_12m,no exact match in applications,1952,ACC-10001950,,,,,,,,,,,,,,,,,,,,,,,,,,,,,,,,,,,,,,0.0,0.0,0.0,0.0,0.0,0.0,0.0,0.0,0.0,0.0,0.0,0.0,
performance_12m,invalid account_id format,1972,ACC-100019XX,,,,,,,,,,,,,,,,,,,,,,,,,,,,,,,,,,,,,,0.0,0.0,0.0,0.0,0.0,0.0,0.0,0.0,0.0,0.0,0.0,0.0,
performance_12m,no exact match in applications,2062,ACC-10002060,,,,,,,,,,,,,,,,,,,,,,,,,,,,,,,,,,,,,,0.0,0.0,0.0,0.0,0.0,0.0,0.0,0.0,0.0,0.0,0.0,0.0,
performance_12m,invalid account_id format,2154,ACC-100021XX,,,,,,,,,,,,,,,,,,,,,,,,,,,,,,,,,,,,,,0.0,0.0,0.0,0.0,0.0,0.0,0.0,0.0,0.0,0.0,0.0,0.0,
performance_12m,no exact match in applications,2172,ACC-10002170,,,,,,,,,,,,,,,,,,,,,,,,,,,,,,,,,,,,,,0.0,0.0,0.0,0.0,0.0,0.0,0.0,0.0,0.0,0.0,0.0,0.0,
performance_12m,missing account_id,2185,,,,,,,,,,,,,,,,,,,,,,,,,,,,,,,,,,,,,,,0.0,0.0,0.0,0.0,0.0,0.0,0.0,0.0,0.0,0.0,0.0,0.0,
performance_12m,missing account_id,2204,,,,,,,,,,,,,,,,,,,,,,,,,,,,,,,,,,,,,,,0.0,0.0,0.0,0.0,0.0,0.0,0.0,0.0,0.0,0.0,0.0,0.0,
performance_12m,no exact match in applications,2293,ACC-10002291,,,,,,,,,,,,,,,,,,,,,,,,,,,,,,,,,,,,,,1.0,1.0,1.0,1.0,0.0,1.0,0.0,0.0,0.0,1.0,0.0,1.0,
performance_12m,invalid account_id format,2331,ACC-100023XX,,,,,,,,,,,,,,,,,,,,,,,,,,,,,,,,,,,,,,0.0,0.0,0.0,0.0,0.0,0.0,0.0,0.0,0.0,0.0,0.0,0.0,
performance_12m,missing account_id,2456,,,,,,,,,,,,,,,,,,,,,,,,,,,,,,,,,,,,,,,0.0,0.0,0.0,0.0,0.0,0.0,0.0,0.0,0.0,0.0,0.0,0.0,
performance_12m,missing account_id,2723,,,,,,,,,,,,,,,,,,,,,,,,,,,,,,,,,,,,,,,0.0,0.0,0.0,0.0,0.0,0.0,0.0,0.0,0.0,0.0,0.0,0.0,
performance_12m,missing account_id,2985,,,,,,,,,,,,,,,,,,,,,,,,,,,,,,,,,,,,,,,0.0,0.0,0.0,0.0,0.0,0.0,0.0,0.0,0.0,0.0,0.0,0.0,
performance_12m,no exact match in applications,3681,ACC-10003679,,,,,,,,,,,,,,,,,,,,,,,,,,,,,,,,,,,,,,0.0,0.0,0.0,0.0,0.0,0.0,0.0,0.0,0.0,0.0,0.0,0.0,
performance_12m,no exact match in applications,3867,ACC-10003865,,,,,,,,,,,,,,,,,,,,,,,,,,,,,,,,,,,,,,0.0,0.0,0.0,0.0,0.0,0.0,0.0,0.0,0.0,0.0,0.0,0.0,
performance_12m,no exact match in applications,3887,ACC-10003885,,,,,,,,,,,,,,,,,,,,,,,,,,,,,,,,,,,,,,0.0,0.0,0.0,0.0,0.0,0.0,0.0,0.0,0.0,0.0,0.0,0.0,
performance_12m,invalid account_id format,3890,ACC-100038XX,,,,,,,,,,,,,,,,,,,,,,,,,,,,,,,,,,,,,,0.0,0.0,0.0,0.0,0.0,0.0,0.0,0.0,0.0,0.0,0.0,0.0,
performance_12m,invalid account_id format,3971,ACC-100039XX,,,,,,,,,,,,,,,,,,,,,,,,,,,,,,,,,,,,,,0.0,0.0,0.0,0.0,0.0,0.0,0.0,0.0,0.0,0.0,0.0,0.0,
performance_12m,missing account_id,4046,,,,,,,,,,,,,,,,,,,,,,,,,,,,,,,,,,,,,,,0.0,0.0,0.0,0.0,0.0,0.0,0.0,0.0,0.0,0.0,0.0,0.0,
performance_12m,no exact match in applications,4157,ACC-10004155,,,,,,,,,,,,,,,,,,,,,,,,,,,,,,,,,,,,,,0.0,0.0,0.0,0.0,0.0,0.0,0.0,0.0,0.0,0.0,0.0,0.0,
performance_12m,missing account_id,4165,,,,,,,,,,,,,,,,,,,,,,,,,,,,,,,,,,,,,,,0.0,0.0,0.0,0.0,0.0,0.0,0.0,0.0,0.0,0.0,0.0,0.0,
performance_12m,no exact match in applications,4307,ACC-10004305,,,,,,,,,,,,,,,,,,,,,,,,,,,,,,,,,,,,,,1.0,0.0,1.0,0.0,1.0,1.0,0.0,0.0,0.0,1.0,1.0,0.0,
performance_12m,no exact match in applications,4330,ACC-10004328,,,,,,,,,,,,,,,,,,,,,,,,,,,,,,,,,,,,,,0.0,0.0,0.0,0.0,0.0,0.0,0.0,0.0,0.0,0.0,0.0,0.0,
performance_12m,invalid account_id format,4469,ACC-100044XX,,,,,,,,,,,,,,,,,,,,,,,,,,,,,,,,,,,,,,0.0,0.0,0.0,0.0,0.0,0.0,0.0,0.0,0.0,0.0,0.0,0.0,
performance_12m,invalid account_id format,4502,ACC-100045XX,,,,,,,,,,,,,,,,,,,,,,,,,,,,,,,,,,,,,,0.0,0.0,0.0,0.0,0.0,0.0,0.0,0.0,0.0,0.0,0.0,0.0,
performance_12m,no exact match in applications,4547,ACC-10004545,,,,,,,,,,,,,,,,,,,,,,,,,,,,,,,,,,,,,,0.0,0.0,0.0,0.0,0.0,0.0,0.0,0.0,0.0,0.0,0.0,0.0,
performance_12m,missing account_id,4568,,,,,,,,,,,,,,,,,,,,,,,,,,,,,,,,,,,,,,,0.0,0.0,0.0,0.0,0.0,0.0,0.0,0.0,0.0,0.0,0.0,0.0,
performance_12m,no exact match in applications,4578,ACC-10004576,,,,,,,,,,,,,,,,,,,,,,,,,,,,,,,,,,,,,,0.0,0.0,0.0,0.0,0.0,0.0,1.0,0.0,0.0,0.0,0.0,0.0,
performance_12m,no exact match in applications,4749,ACC-10004747,,,,,,,,,,,,,,,,,,,,,,,,,,,,,,,,,,,,,,0.0,0.0,0.0,0.0,0.0,0.0,0.0,0.0,0.0,0.0,0.0,0.0,
performance_12m,no exact match in applications,4951,ACC-10004949,,,,,,,,,,,,,,,,,,,,,,,,,,,,,,,,,,,,,,0.0,0.0,0.0,0.0,0.0,0.0,0.0,0.0,0.0,0.0,0.0,0.0,
performance_12m,no exact match in applications,5197,ACC-10005195,,,,,,,,,,,,,,,,,,,,,,,,,,,,,,,,,,,,,,0.0,0.0,0.0,0.0,0.0,0.0,0.0,0.0,0.0,0.0,0.0,0.0,
performance_12m,no exact match in applications,5226,ACC-10005224,,,,,,,,,,,,,,,,,,,,,,,,,,,,,,,,,,,,,,0.0,0.0,0.0,0.0,0.0,0.0,0.0,0.0,0.0,0.0,0.0,0.0,
performance_12m,invalid account_id format,5341,ACC-100053XX,,,,,,,,,,,,,,,,,,,,,,,,,,,,,,,,,,,,,,0.0,0.0,0.0,0.0,0.0,0.0,0.0,0.0,0.0,0.0,0.0,0.0,
performance_12m,no exact match in applications,5408,ACC-10005406,,,,,,,,,,,,,,,,,,,,,,,,,,,,,,,,,,,,,,0.0,0.0,0.0,0.0,0.0,0.0,0.0,0.0,0.0,0.0,0.0,0.0,
performance_12m,no exact match in applications,5479,ACC-10005477,,,,,,,,,,,,,,,,,,,,,,,,,,,,,,,,,,,,,,0.0,0.0,0.0,0.0,0.0,0.0,0.0,0.0,0.0,0.0,0.0,0.0,
performance_12m,no exact match in applications,5485,ACC-10005483,,,,,,,,,,,,,,,,,,,,,,,,,,,,,,,,,,,,,,0.0,0.0,0.0,0.0,0.0,0.0,0.0,0.0,0.0,0.0,0.0,0.0,
performance_12m,missing account_id,5503,,,,,,,,,,,,,,,,,,,,,,,,,,,,,,,,,,,,,,,0.0,0.0,0.0,0.0,0.0,0.0,0.0,0.0,0.0,0.0,0.0,0.0,
performance_12m,missing account_id,5765,,,,,,,,,,,,,,,,,,,,,,,,,,,,,,,,,,,,,,,0.0,0.0,0.0,0.0,0.0,0.0,0.0,0.0,0.0,0.0,0.0,0.0,
performance_12m,no exact match in applications,5787,ACC-10005785,,,,,,,,,,,,,,,,,,,,,,,,,,,,,,,,,,,,,,0.0,0.0,0.0,0.0,0.0,0.0,0.0,0.0,0.0,0.0,0.0,0.0,
performance_12m,no exact match in applications,5881,ACC-10005879,,,,,,,,,,,,,,,,,,,,,,,,,,,,,,,,,,,,,,0.0,0.0,0.0,0.0,0.0,0.0,0.0,0.0,0.0,0.0,0.0,0.0,
performance_12m,no exact match in applications,5890,ACC-10005888,,,,,,,,,,,,,,,,,,,,,,,,,,,,,,,,,,,,,,0.0,0.0,0.0,0.0,0.0,0.0,0.0,0.0,0.0,0.0,0.0,0.0,
performance_12m,no exact match in applications,5957,ACC-10005955,,,,,,,,,,,,,,,,,,,,,,,,,,,,,,,,,,,,,,0.0,0.0,0.0,0.0,0.0,0.0,0.0,0.0,0.0,0.0,0.0,0.0,
performance_12m,no exact match in applications,5961,ACC-10005959,,,,,,,,,,,,,,,,,,,,,,,,,,,,,,,,,,,,,,0.0,0.0,0.0,0.0,0.0,0.0,0.0,0.0,0.0,0.0,0.0,0.0,
performance_12m,no exact match in applications,5969,ACC-10005967,,,,,,,,,,,,,,,,,,,,,,,,,,,,,,,,,,,,,,0.0,0.0,0.0,0.0,0.0,0.0,0.0,0.0,0.0,0.0,0.0,0.0,
performance_12m,invalid account_id format,5988,ACC-100059XX,,,,,,,,,,,,,,,,,,,,,,,,,,,,,,,,,,,,,,0.0,0.0,0.0,0.0,0.0,0.0,0.0,0.0,0.0,0.0,0.0,0.0,
performance_12m,no exact match in applications,6122,ACC-10006120,,,,,,,,,,,,,,,,,,,,,,,,,,,,,,,,,,,,,,0.0,0.0,0.0,0.0,0.0,0.0,0.0,0.0,0.0,0.0,0.0,0.0,
performance_12m,invalid account_id format,6145,ACC-100061XX,,,,,,,,,,,,,,,,,,,,,,,,,,,,,,,,,,,,,,0.0,0.0,0.0,0.0,0.0,0.0,0.0,0.0,0.0,0.0,0.0,0.0,
performance_12m,missing account_id,6156,,,,,,,,,,,,,,,,,,,,,,,,,,,,,,,,,,,,,,,0.0,0.0,0.0,0.0,0.0,0.0,0.0,0.0,0.0,0.0,0.0,0.0,
performance_12m,no exact match in applications,6258,ACC-10006256,,,,,,,,,,,,,,,,,,,,,,,,,,,,,,,,,,,,,,0.0,0.0,0.0,0.0,0.0,0.0,0.0,0.0,0.0,0.0,0.0,0.0,
performance_12m,no exact match in applications,6277,ACC-10006275,,,,,,,,,,,,,,,,,,,,,,,,,,,,,,,,,,,,,,0.0,0.0,0.0,0.0,0.0,0.0,0.0,0.0,0.0,0.0,0.0,0.0,
performance_12m,no exact match in applications,6331,ACC-10006329,,,,,,,,,,,,,,,,,,,,,,,,,,,,,,,,,,,,,,0.0,0.0,0.0,0.0,0.0,0.0,0.0,0.0,0.0,0.0,0.0,0.0,
performance_12m,no exact match in applications,6375,ACC-10006373,,,,,,,,,,,,,,,,,,,,,,,,,,,,,,,,,,,,,,0.0,0.0,1.0,1.0,1.0,0.0,1.0,0.0,1.0,0.0,0.0,0.0,
performance_12m,invalid account_id format,6460,ACC-100064XX,,,,,,,,,,,,,,,,,,,,,,,,,,,,,,,,,,,,,,0.0,0.0,0.0,0.0,0.0,0.0,0.0,0.0,0.0,0.0,0.0,0.0,
performance_12m,invalid account_id format,6465,ACC-100064XX,,,,,,,,,,,,,,,,,,,,,,,,,,,,,,,,,,,,,,0.0,0.0,0.0,0.0,0.0,0.0,0.0,0.0,0.0,0.0,0.0,0.0,
performance_12m,missing account_id,6466,,,,,,,,,,,,,,,,,,,,,,,,,,,,,,,,,,,,,,,0.0,0.0,0.0,0.0,0.0,0.0,1.0,0.0,0.0,0.0,0.0,1.0,
performance_12m,missing account_id,6467,,,,,,,,,,,,,,,,,,,,,,,,,,,,,,,,,,,,,,,0.0,0.0,0.0,0.0,0.0,0.0,0.0,0.0,0.0,0.0,0.0,0.0,
performance_12m,no exact match in applications,6470,ACC-10006468,,,,,,,,,,,,,,,,,,,,,,,,,,,,,,,,,,,,,,0.0,0.0,0.0,0.0,0.0,0.0,0.0,0.0,0.0,0.0,0.0,0.0,
performance_12m,no exact match in applications,6733,ACC-10006731,,,,,,,,,,,,,,,,,,,,,,,,,,,,,,,,,,,,,,0.0,0.0,0.0,0.0,0.0,0.0,0.0,0.0,0.0,0.0,0.0,0.0,
performance_12m,no exact match in applications,6764,ACC-10006762,,,,,,,,,,,,,,,,,,,,,,,,,,,,,,,,,,,,,,0.0,0.0,0.0,0.0,0.0,0.0,0.0,0.0,0.0,0.0,0.0,0.0,
performance_12m,missing account_id,6847,,,,,,,,,,,,,,,,,,,,,,,,,,,,,,,,,,,,,,,0.0,0.0,0.0,0.0,0.0,0.0,0.0,0.0,0.0,0.0,0.0,0.0,
performance_12m,missing account_id,6868,,,,,,,,,,,,,,,,,,,,,,,,,,,,,,,,,,,,,,,0.0,0.0,0.0,0.0,0.0,0.0,0.0,0.0,0.0,0.0,0.0,0.0,
performance_12m,invalid account_id format,6882,ACC-100068XX,,,,,,,,,,,,,,,,,,,,,,,,,,,,,,,,,,,,,,0.0,0.0,0.0,0.0,0.0,0.0,0.0,0.0,0.0,0.0,0.0,0.0,
performance_12m,no exact match in applications,6954,ACC-10006952,,,,,,,,,,,,,,,,,,,,,,,,,,,,,,,,,,,,,,0.0,0.0,0.0,0.0,0.0,0.0,0.0,0.0,0.0,0.0,0.0,0.0,
performance_12m,missing account_id,7096,,,,,,,,,,,,,,,,,,,,,,,,,,,,,,,,,,,,,,,0.0,0.0,0.0,0.0,0.0,0.0,0.0,0.0,0.0,0.0,0.0,0.0,
performance_12m,invalid account_id format,7225,ACC-100072XX,,,,,,,,,,,,,,,,,,,,,,,,,,,,,,,,,,,,,,0.0,0.0,0.0,0.0,0.0,0.0,0.0,0.0,0.0,0.0,0.0,0.0,
performance_12m,invalid account_id format,7292,ACC-100072XX,,,,,,,,,,,,,,,,,,,,,,,,,,,,,,,,,,,,,,0.0,0.0,0.0,0.0,0.0,0.0,0.0,0.0,0.0,0.0,0.0,0.0,
performance_12m,missing account_id,7307,,,,,,,,,,,,,,,,,,,,,,,,,,,,,,,,,,,,,,,0.0,0.0,0.0,0.0,0.0,0.0,0.0,0.0,0.0,0.0,0.0,0.0,
performance_12m,no exact match in applications,7403,ACC-10007401,,,,,,,,,,,,,,,,,,,,,,,,,,,,,,,,,,,,,,0.0,0.0,0.0,0.0,0.0,0.0,0.0,0.0,0.0,0.0,0.0,0.0,
performance_12m,no exact match in applications,7659,ACC-10007657,,,,,,,,,,,,,,,,,,,,,,,,,,,,,,,,,,,,,,0.0,0.0,0.0,0.0,0.0,0.0,0.0,0.0,0.0,0.0,0.0,0.0,
performance_12m,missing account_id,7957,,,,,,,,,,,,,,,,,,,,,,,,,,,,,,,,,,,,,,,0.0,1.0,0.0,0.0,0.0,0.0,0.0,0.0,0.0,0.0,0.0,0.0,
performance_12m,no exact match in applications,8119,ACC-10008117,,,,,,,,,,,,,,,,,,,,,,,,,,,,,,,,,,,,,,0.0,0.0,0.0,0.0,0.0,0.0,0.0,0.0,0.0,0.0,0.0,0.0,
performance_12m,no exact match in applications,8152,ACC-10008150,,,,,,,,,,,,,,,,,,,,,,,,,,,,,,,,,,,,,,0.0,0.0,0.0,0.0,0.0,0.0,0.0,0.0,0.0,0.0,0.0,0.0,
performance_12m,no exact match in applications,8190,ACC-10008188,,,,,,,,,,,,,,,,,,,,,,,,,,,,,,,,,,,,,,0.0,0.0,0.0,0.0,0.0,0.0,0.0,0.0,0.0,0.0,0.0,0.0,
performance_12m,missing account_id,8541,,,,,,,,,,,,,,,,,,,,,,,,,,,,,,,,,,,,,,,0.0,0.0,0.0,0.0,0.0,0.0,0.0,0.0,0.0,0.0,0.0,0.0,
performance_12m,no exact match in applications,8719,ACC-10008717,,,,,,,,,,,,,,,,,,,,,,,,,,,,,,,,,,,,,,0.0,0.0,0.0,0.0,0.0,0.0,0.0,0.0,0.0,0.0,0.0,0.0,
performance_12m,invalid account_id format,8724,ACC-100087XX,,,,,,,,,,,,,,,,,,,,,,,,,,,,,,,,,,,,,,0.0,0.0,0.0,0.0,0.0,0.0,0.0,0.0,0.0,0.0,0.0,0.0,
performance_12m,invalid account_id format,8830,ACC-100088XX,,,,,,,,,,,,,,,,,,,,,,,,,,,,,,,,,,,,,,0.0,0.0,0.0,0.0,0.0,0.0,0.0,0.0,0.0,0.0,0.0,0.0,
performance_12m,invalid account_id format,8883,ACC-100088XX,,,,,,,,,,,,,,,,,,,,,,,,,,,,,,,,,,,,,,0.0,0.0,0.0,0.0,0.0,0.0,0.0,0.0,0.0,0.0,0.0,0.0,
performance_12m,no exact match in applications,8896,ACC-10008894,,,,,,,,,,,,,,,,,,,,,,,,,,,,,,,,,,,,,,0.0,0.0,0.0,0.0,0.0,0.0,0.0,0.0,0.0,0.0,0.0,0.0,
performance_12m,no exact match in applications,8988,ACC-10008986,,,,,,,,,,,,,,,,,,,,,,,,,,,,,,,,,,,,,,0.0,0.0,0.0,0.0,0.0,0.0,0.0,0.0,0.0,0.0,0.0,0.0,
performance_12m,missing account_id,9068,,,,,,,,,,,,,,,,,,,,,,,,,,,,,,,,,,,,,,,0.0,0.0,0.0,0.0,0.0,0.0,0.0,0.0,0.0,0.0,0.0,0.0,
performance_12m,no exact match in applications,9219,ACC-10009217,,,,,,,,,,,,,,,,,,,,,,,,,,,,,,,,,,,,,,0.0,0.0,0.0,0.0,0.0,0.0,0.0,0.0,0.0,0.0,0.0,0.0,
performance_12m,invalid account_id format,9264,ACC-100092XX,,,,,,,,,,,,,,,,,,,,,,,,,,,,,,,,,,,,,,0.0,0.0,0.0,0.0,1.0,0.0,0.0,1.0,0.0,0.0,0.0,1.0,
performance_12m,no exact match in applications,9490,ACC-10009488,,,,,,,,,,,,,,,,,,,,,,,,,,,,,,,,,,,,,,0.0,0.0,0.0,0.0,0.0,0.0,0.0,0.0,0.0,0.0,0.0,0.0,
performance_12m,invalid account_id format,9733,ACC-100097XX,,,,,,,,,,,,,,,,,,,,,,,,,,,,,,,,,,,,,,0.0,0.0,0.0,0.0,0.0,0.0,0.0,0.0,0.0,0.0,0.0,0.0,
performance_12m,no exact match in applications,9971,ACC-10009969,,,,,,,,,,,,,,,,,,,,,,,,,,,,,,,,,,,,,,0.0,0.0,1.0,1.0,0.0,0.0,1.0,0.0,0.0,0.0,1.0,1.0,
performance_12m,no exact match in applications,9986,ACC-10009984,,,,,,,,,,,,,,,,,,,,,,,,,,,,,,,,,,,,,,0.0,0.0,0.0,0.0,1.0,0.0,1.0,0.0,1.0,0.0,1.0,0.0,
performance_12m,invalid account_id format,10002,ACC-ORPHAN-0000,,,,,,,,,,,,,,,,,,,,,,,,,,,,,,,,,,,,,,0.0,0.0,0.0,0.0,0.0,0.0,0.0,0.0,0.0,0.0,0.0,0.0,
performance_12m,invalid account_id format,10003,ACC-ORPHAN-0001,,,,,,,,,,,,,,,,,,,,,,,,,,,,,,,,,,,,,,0.0,0.0,0.0,0.0,0.0,0.0,0.0,0.0,0.0,0.0,0.0,0.0,
performance_12m,invalid account_id format,10004,ACC-ORPHAN-0002,,,,,,,,,,,,,,,,,,,,,,,,,,,,,,,,,,,,,,0.0,0.0,0.0,0.0,0.0,0.0,0.0,0.0,0.0,0.0,0.0,0.0,
performance_12m,invalid account_id format,10005,ACC-ORPHAN-0003,,,,,,,,,,,,,,,,,,,,,,,,,,,,,,,,,,,,,,0.0,0.0,0.0,0.0,0.0,0.0,0.0,0.0,0.0,0.0,0.0,0.0,
performance_12m,invalid account_id format,10006,ACC-ORPHAN-0004,,,,,,,,,,,,,,,,,,,,,,,,,,,,,,,,,,,,,,0.0,0.0,0.0,0.0,0.0,0.0,0.0,0.0,0.0,0.0,0.0,0.0,
performance_12m,invalid account_id format,10007,ACC-ORPHAN-0005,,,,,,,,,,,,,,,,,,,,,,,,,,,,,,,,,,,,,,0.0,0.0,0.0,0.0,0.0,0.0,0.0,0.0,0.0,0.0,0.0,0.0,
performance_12m,invalid account_id format,10008,ACC-ORPHAN-0006,,,,,,,,,,,,,,,,,,,,,,,,,,,,,,,,,,,,,,0.0,0.0,0.0,0.0,0.0,0.0,0.0,0.0,0.0,0.0,0.0,0.0,
performance_12m,invalid account_id format,10009,ACC-ORPHAN-0007,,,,,,,,,,,,,,,,,,,,,,,,,,,,,,,,,,,,,,0.0,0.0,0.0,0.0,0.0,0.0,0.0,0.0,0.0,0.0,0.0,0.0,
performance_12m,invalid account_id format,10010,ACC-ORPHAN-0008,,,,,,,,,,,,,,,,,,,,,,,,,,,,,,,,,,,,,,0.0,0.0,0.0,0.0,0.0,0.0,0.0,0.0,0.0,0.0,0.0,0.0,
performance_12m,invalid account_id format,10011,ACC-ORPHAN-0009,,,,,,,,,,,,,,,,,,,,,,,,,,,,,,,,,,,,,,0.0,0.0,0.0,0.0,0.0,0.0,0.0,0.0,0.0,0.0,0.0,0.0,
performance_12m,invalid account_id format,10012,ACC-ORPHAN-0010,,,,,,,,,,,,,,,,,,,,,,,,,,,,,,,,,,,,,,0.0,0.0,0.0,0.0,0.0,0.0,0.0,0.0,0.0,0.0,0.0,0.0,
performance_12m,invalid account_id format,10013,ACC-ORPHAN-0011,,,,,,,,,,,,,,,,,,,,,,,,,,,,,,,,,,,,,,0.0,0.0,0.0,0.0,0.0,0.0,0.0,0.0,0.0,0.0,0.0,0.0,
