field,schema_meaning,schema_type_or_range,source,teaching_note
account_id,Project linkage identifier; not an Experian field,string,"RT-Howe/corezoid_poc Delphi Select v2 Consumer schema, commit b03759a",Schema-aligned field; generated values are synthetic and are not an Experian distribution
DelphiScore,Delphi score,integer,"RT-Howe/corezoid_poc Delphi Select v2 Consumer schema, commit b03759a",Schema-aligned field; generated values are synthetic and are not an Experian distribution
E1A04,Number of default CAIS accounts excluding mail order accounts (SP),integer code: -1 to 9,"RT-Howe/corezoid_poc Delphi Select v2 Consumer schema, commit b03759a",Schema-aligned field; generated values are synthetic and are not an Experian distribution
E1A09,Number of delinquent CAIS accounts excluding mail order accounts (SP),integer code: -1 to 9,"RT-Howe/corezoid_poc Delphi Select v2 Consumer schema, commit b03759a",Schema-aligned field; generated values are synthetic and are not an Experian distribution
E1B01,Number of active CAIS accounts opened in the last 3 months (SP),integer code: -1 to 9,"RT-Howe/corezoid_poc Delphi Select v2 Consumer schema, commit b03759a",Schema-aligned field; generated values are synthetic and are not an Experian distribution
E1B07,Worst status in the last 6 months of all active CAIS accounts (SP),status code,"RT-Howe/corezoid_poc Delphi Select v2 Consumer schema, commit b03759a",Schema-aligned field; generated values are synthetic and are not an Experian distribution
E1B09,Number of active CAIS accounts (SP),integer code: -1 to 9,"RT-Howe/corezoid_poc Delphi Select v2 Consumer schema, commit b03759a",Schema-aligned field; generated values are synthetic and are not an Experian distribution
E1B12,Number of active CAIS accounts with current status 1 (SP),integer code: -1 to 9,"RT-Howe/corezoid_poc Delphi Select v2 Consumer schema, commit b03759a",Schema-aligned field; generated values are synthetic and are not an Experian distribution
E1B13,Number of CAIS status 3 or worse events in the last 6 months (SP),integer code: -1 to 9,"RT-Howe/corezoid_poc Delphi Select v2 Consumer schema, commit b03759a",Schema-aligned field; generated values are synthetic and are not an Experian distribution
E1E01,Number of search records in the last 3 months (SP),integer code: -1 to 9,"RT-Howe/corezoid_poc Delphi Select v2 Consumer schema, commit b03759a",Schema-aligned field; generated values are synthetic and are not an Experian distribution
E1E02,Number of search records in the last 6 months (SP),integer code: -1 to 9,"RT-Howe/corezoid_poc Delphi Select v2 Consumer schema, commit b03759a",Schema-aligned field; generated values are synthetic and are not an Experian distribution
E1A01,Number of public information records (SP),integer code: -1 to 9,"RT-Howe/corezoid_poc Delphi Select v2 Consumer schema, commit b03759a",Schema-aligned field; generated values are synthetic and are not an Experian distribution
E1A02,Total value of CCJs banded in £100 intervals (SP),integer code: -1 to 999,"RT-Howe/corezoid_poc Delphi Select v2 Consumer schema, commit b03759a",Schema-aligned field; generated values are synthetic and are not an Experian distribution
EA1C01,Bankruptcy or IVA detected (SP),T/Y/N indicator,"RT-Howe/corezoid_poc Delphi Select v2 Consumer schema, commit b03759a",Schema-aligned field; generated values are synthetic and are not an Experian distribution
EA4Q01,Voters Roll notice-of-correction indicator (All),T/Y/N indicator,"RT-Howe/corezoid_poc Delphi Select v2 Consumer schema, commit b03759a",Schema-aligned field; generated values are synthetic and are not an Experian distribution
